index,jobId,R,Python,Matlab,SQL,Ruby,C,Tableau,Java,Javascript
0,38098375,1,0,0,0,0,0,0,0,0
1,38259053,1,0,0,0,0,0,0,0,0
2,38267899,1,0,0,1,0,0,0,0,0
3,38267995,1,0,0,1,0,0,0,0,0
4,38269206,0,1,0,1,0,0,1,0,0
5,38269216,1,1,0,1,0,0,1,0,0
6,38270740,1,1,0,1,0,0,1,1,0
7,38272439,1,1,0,1,0,0,0,0,0
8,38273974,0,1,0,0,0,0,0,0,0
9,38274601,1,1,0,1,0,0,1,1,0
10,38278746,0,0,0,0,0,0,0,1,0
11,38278747,0,0,0,0,0,0,0,1,0
12,38280450,1,1,1,0,0,1,0,1,0
13,38280451,1,1,1,0,0,1,0,1,0
14,38282551,1,0,0,1,0,0,0,0,0
15,38283702,1,1,1,0,0,0,0,0,0
16,38284724,1,1,0,1,0,0,1,0,0
17,38285286,1,1,0,1,0,1,0,1,0
18,38285477,0,1,0,1,0,1,0,1,0
19,38288026,1,1,0,1,0,0,1,0,0
20,38289785,1,1,0,1,0,1,0,1,0
21,38291214,1,1,1,1,0,0,1,0,0
22,38299223,1,1,0,1,0,0,1,0,0
23,38305435,1,1,0,1,0,0,1,0,0
24,38305440,1,1,1,1,0,0,1,0,0
25,38305803,0,0,0,1,0,0,0,0,0
26,38305983,1,1,0,1,0,0,1,1,0
27,38306688,0,1,0,1,0,0,1,0,0
28,38307963,1,1,0,1,0,0,0,0,0
29,38314661,1,0,0,0,0,0,0,0,0
30,38314694,1,1,0,1,0,0,0,0,0
31,38315204,1,1,0,1,0,0,0,0,0
32,38315554,1,1,0,1,0,0,0,0,0
33,38316571,1,1,0,1,0,0,0,0,0
34,38318403,1,1,0,1,0,0,0,0,0
35,38320662,1,1,0,0,0,1,0,0,0
36,38320858,1,1,0,1,0,0,0,0,0
37,38322210,1,1,0,1,0,0,1,0,0
38,38324346,1,1,0,1,0,0,0,0,0
39,38324745,1,1,0,0,0,0,0,0,0
40,38325029,1,1,0,1,0,0,0,0,0
41,38326190,1,0,0,0,0,0,0,0,0
42,38329034,1,1,0,0,0,0,0,0,0
43,38331193,0,1,0,1,0,0,0,0,0
44,38331270,1,1,0,1,0,0,0,0,0
45,38331485,1,1,0,1,0,0,0,0,0
46,38332258,1,1,0,0,0,0,0,0,0
47,38334247,1,0,0,1,0,0,0,0,0
48,38335998,0,1,1,0,0,0,0,0,0
49,38337655,1,1,0,0,0,0,0,0,0
50,38338855,0,1,0,1,0,0,1,0,0
51,38339334,0,1,1,0,0,1,0,0,0
52,38339335,0,1,1,0,0,1,0,0,0
53,38339474,0,1,1,0,0,1,0,0,0
54,38339475,0,1,1,0,0,1,0,0,0
55,38342340,1,1,0,1,0,0,0,0,0
56,38342422,1,0,0,0,0,1,0,0,0
57,38343393,1,1,0,0,0,0,1,0,0
58,38347861,0,0,0,0,0,0,0,0,0
59,38350683,0,0,0,1,0,0,0,0,0
60,38353752,1,1,0,0,0,0,1,0,0
61,38353759,1,1,0,0,0,0,1,0,0
62,38353809,1,1,0,0,0,0,0,1,0
63,38362895,0,1,0,0,0,0,0,1,0
64,38363396,1,1,0,1,0,0,1,0,0
65,38363508,1,1,0,1,0,0,1,0,0
66,38363660,0,1,0,1,0,0,0,1,0
67,38363751,0,0,0,1,0,0,0,0,0
68,38365859,0,1,0,0,0,1,0,0,0
69,38366703,0,0,0,0,0,0,0,1,0
70,38366878,0,0,0,0,0,1,0,0,0
71,38372570,0,1,1,0,0,0,0,0,0
72,38376088,1,1,1,1,0,0,1,0,0
73,38376565,0,0,0,0,0,0,0,0,0
74,38376919,1,1,0,1,0,0,0,0,0
75,38377852,1,1,0,1,0,0,0,0,0
76,38378406,1,1,0,0,0,0,1,0,0
77,38380671,0,0,0,1,0,0,0,0,0
78,38383430,1,1,0,1,0,0,1,0,0
79,38387405,1,1,0,0,0,0,0,0,0
80,38387560,1,1,0,1,0,0,0,0,0
81,38390470,1,1,0,1,0,0,0,0,0
82,38391902,1,0,0,1,0,0,0,0,0
83,38393969,1,1,0,0,0,0,1,0,0
84,38400083,0,0,0,1,0,0,1,0,0
85,38400254,0,0,0,1,0,0,0,0,0
86,38403750,0,0,0,1,0,0,0,0,0
87,38406493,1,1,0,1,0,0,0,0,0
88,38408709,1,1,0,1,0,0,1,0,0
89,38413087,1,1,0,1,0,0,0,0,0
90,38414091,0,0,0,1,0,0,0,0,0
91,38416895,1,0,0,0,0,0,0,0,0
92,38424264,1,1,0,1,0,1,0,1,0
93,38427134,0,0,0,0,0,0,0,0,0
94,38435919,1,0,0,0,0,0,0,0,0
95,38437124,1,1,0,1,0,0,1,0,0
96,38443865,1,1,0,0,0,0,0,1,0
97,38443866,1,1,0,0,0,0,0,1,0
98,38447004,0,1,0,1,0,0,0,0,0
99,38448100,1,1,0,0,0,0,0,0,0
100,38448110,0,1,0,0,0,1,0,1,0
101,38451658,1,1,1,1,0,0,0,1,0
102,38452547,0,0,0,0,0,0,0,0,0
103,38453505,1,1,0,1,0,0,0,0,0
104,38454683,1,1,0,0,0,0,1,0,0
105,38455824,1,1,0,1,0,0,0,1,0
106,38456114,1,1,0,1,0,0,0,0,0
107,38458030,1,0,0,1,0,0,0,0,0
108,38460327,1,0,0,0,0,0,0,0,0
109,38460336,1,1,0,1,0,0,0,1,0
110,38461297,0,0,0,1,0,0,0,0,0
111,38461362,1,1,1,0,0,0,0,0,0
112,38461920,1,1,0,0,0,0,0,0,0
113,38463715,0,0,0,1,0,1,0,0,0
114,38464880,1,1,1,0,0,0,0,0,0
115,38465272,1,1,0,1,0,0,1,0,0
116,38468314,1,0,0,0,0,0,0,0,0
117,38470453,0,0,0,0,0,1,0,0,0
118,38470867,0,0,0,0,0,1,0,0,0
119,38472025,1,1,0,1,0,0,0,0,0
120,38477448,1,1,0,1,0,0,0,0,0
121,38477464,1,1,0,1,0,0,0,0,0
122,38477474,1,1,0,1,0,0,0,0,0
123,38477547,0,0,0,1,0,1,0,0,0
124,38483932,1,1,0,1,0,0,1,0,0
125,38484869,1,1,0,1,0,0,0,0,0
126,38487347,1,1,0,1,0,0,0,0,0
127,38487380,1,1,0,1,0,0,0,0,0
128,38487437,1,1,0,1,0,0,0,0,0
129,38487720,1,1,0,0,0,0,1,0,0
130,38488757,1,1,0,1,0,0,1,0,0
131,38490404,0,0,0,1,0,1,0,0,0
132,38490423,0,1,0,0,0,0,0,0,0
133,38490810,1,0,0,1,0,0,1,0,0
134,38492604,0,1,0,0,0,0,0,0,0
135,38494885,0,0,0,1,0,0,1,0,0
136,38495208,1,1,1,1,0,0,1,0,0
137,38497216,1,1,0,1,0,0,0,0,0
138,38497540,0,0,0,0,0,0,0,0,0
139,38500467,0,0,0,0,0,1,0,1,0
140,38500468,0,0,0,0,0,1,0,1,0
141,38502353,0,0,0,0,1,0,0,0,0
142,38502572,1,1,0,1,0,0,1,0,0
143,38503594,1,1,0,1,0,0,0,0,0
144,38503756,1,1,0,1,0,1,1,1,0
145,38507417,1,1,0,1,0,1,1,1,0
146,38508350,1,1,0,1,0,0,0,0,0
147,38508883,1,1,0,1,0,0,0,1,0
148,38508909,1,1,0,1,0,0,0,1,0
149,38509159,1,1,0,0,0,0,0,1,0
150,38510416,1,1,0,1,0,0,0,1,0
151,38512905,1,1,0,1,0,0,0,1,0
152,38513017,1,1,0,1,0,0,0,1,0
153,38513440,1,1,0,1,0,0,0,1,0
154,38513493,1,1,0,0,0,0,0,1,0
155,38513903,1,1,0,1,0,0,0,1,0
156,38514125,1,1,0,1,0,0,1,0,0
157,38514541,1,1,0,0,0,0,0,1,0
158,38514752,1,1,0,1,0,0,0,0,0
159,38516648,1,1,0,0,0,1,0,0,0
160,38516649,1,1,0,0,0,1,0,0,0
161,38516691,0,1,0,0,0,0,0,0,0
162,38516905,1,1,0,0,0,0,0,1,0
163,38516956,0,0,0,1,0,0,0,0,0
164,38517767,0,0,0,0,0,1,0,0,0
165,38517976,0,0,0,0,0,1,0,0,0
166,38518570,1,1,0,1,0,0,0,1,0
167,38518667,1,1,0,1,0,0,0,1,0
168,38519752,1,1,1,0,0,1,0,1,0
169,38520146,1,1,0,0,0,0,0,0,0
170,38520402,1,1,0,1,0,0,0,0,0
171,38520425,0,0,0,0,0,1,0,0,0
172,38520862,1,1,0,1,0,0,0,1,0
173,38520932,1,1,0,1,0,0,0,1,0
174,38523222,1,0,0,1,0,0,0,0,0
175,38523726,1,1,0,1,0,0,0,1,0
176,38526989,0,0,0,1,0,0,0,0,0
177,38535222,1,1,0,1,0,0,0,1,0
178,38535411,1,1,0,1,0,0,0,0,0
179,38537973,1,1,1,0,0,1,0,1,0
180,38537974,1,1,1,0,0,1,0,1,0
181,38540886,0,1,0,0,0,0,0,0,0
182,38540887,0,1,0,0,0,0,0,0,0
183,38542288,0,1,0,1,0,0,0,0,0
184,38542822,0,1,0,1,0,0,0,0,0
185,38544594,1,1,0,1,0,0,0,0,0
186,38544742,1,1,0,1,0,0,0,0,0
187,38547260,1,1,1,0,0,1,0,1,0
188,38547389,1,1,0,0,0,0,0,0,0
189,38547503,1,1,0,0,0,0,0,0,0
190,38549522,1,1,1,0,0,1,0,1,0
191,38551256,1,1,0,1,0,1,1,0,0
192,38552087,1,1,0,1,0,0,0,0,0
193,38555954,1,1,1,1,0,1,0,1,0
194,38556033,1,0,0,0,0,0,0,0,0
195,38556208,1,1,1,1,0,1,0,1,0
196,38556593,1,1,1,1,0,1,0,1,0
197,38556858,1,0,0,1,0,0,0,0,0
198,38557632,1,1,1,1,0,1,0,1,0
199,38557703,1,0,0,1,0,0,0,0,0
200,38557768,1,1,1,1,0,1,0,1,0
201,38560763,0,0,0,0,0,0,1,0,0
202,38561225,0,0,0,0,0,0,1,0,0
203,38563152,1,1,0,1,0,0,0,0,0
204,38564258,1,0,1,1,0,0,0,0,0
205,38564366,0,1,0,0,0,1,0,1,0
206,38565311,1,1,0,1,0,1,0,0,0
207,38565312,1,1,0,1,0,1,0,0,0
208,38567310,1,1,0,1,0,0,0,0,0
209,38575855,1,1,0,0,0,1,0,1,0
210,38578631,0,1,0,1,0,1,0,0,0
211,38579276,1,1,0,1,0,1,0,1,0
212,38579658,1,1,1,1,0,1,0,1,0
213,38580429,1,1,0,1,0,0,0,0,0
214,38584443,1,1,1,1,0,0,0,0,0
215,38585384,1,1,0,0,0,0,0,0,0
216,38587859,0,1,0,1,0,1,0,0,0
217,38587951,1,1,0,0,0,0,0,0,0
218,38590660,1,1,1,0,0,1,0,1,0
219,38593234,1,1,0,0,0,0,0,0,0
220,38594055,0,1,0,1,0,1,0,0,0
221,38595275,1,1,0,0,0,1,0,0,0
222,38604629,1,1,0,0,0,0,0,0,0
223,38604706,1,1,0,1,0,0,0,0,0
224,38605485,1,1,0,1,0,0,0,0,0
225,38605486,1,1,0,1,0,0,0,0,0
226,38605978,1,1,0,1,0,0,1,1,0
227,38611243,1,1,0,1,0,0,1,0,0
228,38611983,1,1,0,1,0,0,1,0,0
229,38614543,0,1,0,0,0,0,0,0,0
230,38614567,0,1,0,0,0,1,0,0,0
231,38616110,1,1,0,1,0,0,0,0,0
232,38618566,1,1,0,1,0,0,1,0,0
233,38619214,1,1,1,0,0,0,0,0,0
234,38623164,1,0,0,1,0,0,0,0,0
235,38623838,1,1,0,0,0,1,0,1,0
236,38627600,1,1,0,1,0,0,0,0,0
237,38631105,0,1,0,0,0,0,0,0,0
238,38632917,1,1,0,1,0,0,0,0,0
239,38633126,1,1,0,1,0,0,1,0,0
240,38633230,1,1,0,0,0,0,1,0,0
241,38641856,1,1,0,1,0,0,1,1,0
242,38642611,1,1,0,1,0,0,1,0,0
243,38642612,1,1,0,1,0,0,1,0,0
244,38644875,1,1,0,0,0,0,0,0,0
245,38648773,1,1,0,0,0,0,0,1,0
246,38648941,1,1,0,1,0,0,0,0,0
247,38648949,1,1,0,0,0,0,0,0,0
248,38650280,1,1,0,1,0,0,0,0,0
249,38651049,1,1,0,0,0,0,0,0,0
250,38651082,1,1,0,0,0,0,0,0,0
251,38651083,1,1,0,0,0,0,0,0,0
252,38651167,1,1,0,1,0,1,1,1,0
253,38651355,1,1,0,0,0,0,0,0,0
254,38651465,1,1,0,0,0,0,0,0,0
255,38651641,1,1,0,0,0,0,0,0,0
256,38651832,1,1,1,0,0,1,0,0,0
257,38651833,1,1,1,0,0,1,0,0,0
258,38653064,1,1,1,0,0,1,0,0,0
259,38653065,1,1,1,0,0,1,0,0,0
260,38658689,1,1,0,0,0,0,0,0,0
261,38659209,1,1,0,0,0,0,0,0,0
262,38659675,1,1,0,0,0,0,0,0,0
263,38664552,1,1,0,1,0,0,0,0,0
264,38664969,1,1,0,0,0,0,0,0,0
265,38667725,1,1,0,0,0,0,0,1,0
266,38675867,0,1,0,0,0,0,0,0,0
267,38676374,0,1,0,0,0,0,0,0,0
268,38680411,1,1,0,0,0,0,0,0,0
269,38683694,0,1,0,1,0,1,0,0,0
270,38686065,0,0,0,1,0,0,0,0,0
271,38687490,1,1,0,1,0,1,0,0,0
272,38687491,1,1,0,1,0,1,0,0,0
273,38688485,1,1,0,0,0,0,0,0,0
274,38689890,0,1,0,0,0,0,0,0,0
275,38692371,1,1,0,1,0,0,0,0,0
276,38693720,1,1,0,1,0,0,0,0,0
277,38700507,1,1,0,1,0,0,0,0,0
278,38702873,1,1,0,0,0,0,0,0,0
279,38702874,1,1,0,0,0,0,0,0,0
280,38704207,1,1,0,1,0,0,1,0,0
281,38706970,1,0,0,1,0,0,0,0,0
282,38707083,1,1,0,1,0,0,1,0,0
283,38707473,1,1,0,1,0,0,0,0,0
284,38708722,1,1,0,0,0,0,0,0,0
285,38709784,1,1,0,0,0,0,0,0,0
286,38710913,1,1,0,1,0,0,0,0,0
287,38710980,1,1,0,0,0,1,0,0,0
288,38711931,1,1,0,1,0,0,0,0,0
289,38715031,1,1,0,0,0,1,0,1,0
290,38715500,1,1,0,0,0,0,0,0,0
291,38718897,1,1,0,1,0,0,1,0,0
292,38719373,1,1,0,1,0,0,0,0,0
293,38719428,1,1,0,1,0,0,0,0,0
294,38721871,0,1,0,0,0,1,0,1,0
295,38722126,0,0,0,1,0,0,0,0,0
296,38725000,0,1,0,1,0,0,0,0,0
297,38729084,0,1,0,1,0,0,0,0,0
298,38735235,1,1,0,1,0,0,0,0,0
299,38736094,1,1,0,0,0,0,0,0,0
300,38736412,1,0,0,1,0,0,1,0,0
301,38736413,1,0,0,1,0,0,1,0,0
302,38736414,1,0,0,1,0,0,1,0,0
303,38736952,1,1,0,1,0,0,1,0,0
304,38739169,1,1,0,1,0,1,1,1,0
305,38741831,1,1,0,1,0,0,1,0,0
306,38744632,1,1,0,1,0,0,0,0,0
307,38744785,1,1,0,1,0,1,1,1,0
308,38746607,1,1,0,1,0,0,0,0,0
309,38749804,1,1,0,1,0,0,0,0,0
310,38749967,0,1,0,0,0,0,0,0,0
311,38750108,1,1,0,1,0,0,0,0,0
312,38750307,1,1,0,1,0,0,0,0,0
313,38750624,1,1,0,1,0,0,1,0,0
314,38752630,1,1,0,1,0,0,0,0,0
315,38752749,1,1,0,0,0,0,0,0,0
316,38756852,1,1,0,1,0,0,0,0,0
317,38758986,1,1,0,1,0,1,1,1,0
318,38760432,1,1,0,1,0,0,1,0,0
319,38762470,1,1,0,0,0,0,0,0,0
320,38764886,1,0,0,1,0,0,0,0,0
321,38766803,1,1,0,0,0,0,0,0,0
322,38767227,1,0,0,0,0,0,0,0,0
323,38767887,1,1,0,0,0,0,0,0,0
324,38768173,0,1,0,1,0,0,0,0,0
325,38770092,0,0,0,0,0,1,0,0,0
326,38770787,1,1,0,1,0,0,0,0,0
327,38774798,1,1,0,1,0,0,1,1,0
328,38777022,0,1,0,1,0,0,0,0,0
329,38789722,1,1,1,0,0,0,0,0,0
330,38795577,1,1,0,1,0,0,0,0,0
331,38796138,1,1,0,1,0,0,0,0,0
332,38796139,1,1,0,1,0,0,0,0,0
333,38796140,1,1,0,1,0,0,0,0,0
334,38796392,1,1,0,0,0,0,0,0,0
335,38798441,0,1,0,0,0,1,0,0,0
336,38798970,1,1,0,1,0,0,1,0,0
337,38799031,1,1,0,1,0,0,0,0,0
338,38803844,1,1,0,0,0,0,0,1,0
339,38804349,1,1,0,1,0,0,0,1,0
340,38805430,1,1,0,1,0,0,1,0,0
341,38805721,1,1,0,1,0,0,1,0,0
342,38805741,1,1,0,1,0,0,1,0,0
343,38805840,1,1,0,1,0,0,1,0,0
344,38808767,0,0,0,0,0,0,1,0,0
345,38815307,1,1,0,1,0,0,1,0,0
346,38817802,0,0,0,1,0,0,0,0,0
347,38818174,1,1,0,0,0,1,0,1,0
348,38818195,0,1,0,0,0,0,0,0,0
349,38818833,1,1,0,1,0,0,0,0,0
350,38828933,1,1,0,1,0,0,0,0,0
351,38829396,0,1,0,1,0,1,0,0,0
352,38830644,1,0,0,1,0,0,1,0,0
353,38830645,1,0,0,1,0,0,1,0,0
354,38830649,1,0,0,1,0,0,1,0,0
355,38831823,1,1,0,1,0,0,0,0,0
356,38835912,1,1,1,1,0,0,0,0,0
357,38838937,1,1,1,1,0,0,0,0,0
358,38839338,1,1,1,1,0,0,0,0,0
359,38839410,1,1,1,1,0,0,0,0,0
360,38839638,1,1,0,0,0,0,0,0,0
361,38847502,1,1,0,1,0,0,0,0,0
362,38848619,1,1,0,1,0,0,0,0,0
363,38849034,1,0,0,1,0,0,0,0,0
364,38849329,1,1,0,0,0,0,0,0,0
365,38851805,1,1,1,0,0,0,0,0,0
366,38852611,1,1,0,0,0,0,0,0,0
367,38852613,1,1,0,0,0,0,0,0,0
368,38853850,1,1,0,1,0,0,1,0,0
369,38855545,1,1,0,0,0,0,0,0,0
370,38855864,1,1,0,0,0,0,1,1,0
371,38857057,1,1,0,1,0,1,1,1,0
372,38861824,1,1,0,1,0,0,1,0,0
373,38866965,1,1,0,1,0,0,0,0,0
374,38867666,1,1,0,0,0,0,0,0,0
375,38868348,1,1,0,1,0,1,0,1,0
376,38869070,1,1,0,1,0,0,0,0,0
377,38869528,1,1,0,0,0,0,0,0,0
378,38873206,1,1,1,1,0,0,0,0,0
379,38874128,1,1,1,0,0,1,0,1,0
380,38874136,0,1,0,1,0,0,0,0,0
381,38875704,0,0,0,0,0,0,0,0,0
382,38876502,1,1,0,1,0,0,1,0,0
383,38879547,0,0,0,1,0,0,0,0,0
384,38882017,1,1,0,1,0,0,0,0,0
385,38883306,0,0,0,1,0,0,0,0,0
386,38885317,0,1,0,1,0,0,0,0,0
387,38885501,0,0,0,1,0,0,0,0,0
388,38886857,1,1,0,1,0,0,0,0,0
389,38886867,1,1,0,1,0,0,0,0,0
390,38890886,1,1,0,0,0,0,0,0,0
391,38892320,1,1,0,1,0,0,0,0,0
392,38893132,0,1,0,0,0,1,0,0,0
393,38893158,0,1,0,0,0,1,0,0,0
394,38894337,1,1,0,1,0,0,0,0,0
395,38897424,1,1,0,0,0,0,0,0,0
396,38897816,1,1,0,0,0,0,0,0,0
397,38899737,1,1,0,1,0,0,0,0,0
398,38899756,1,1,0,1,0,0,0,0,0
399,38899771,1,1,0,1,0,0,0,0,0
400,38906778,1,1,0,0,0,0,0,1,0
401,38906779,1,1,0,0,0,0,0,1,0
402,38908453,0,1,0,1,0,1,0,0,0
403,38909696,1,1,0,0,0,0,0,0,0
404,38909870,1,1,0,0,0,0,0,0,0
405,38911655,1,1,0,1,0,0,0,0,0
406,38915192,1,1,1,1,0,0,0,0,0
407,38915484,1,1,0,1,0,0,0,0,0
408,38915564,0,0,0,0,0,0,0,0,0
409,38916319,1,1,0,0,0,0,0,0,0
410,38916532,0,1,0,0,1,0,0,1,0
411,38917657,1,1,0,1,0,1,1,1,0
412,38919426,1,1,0,1,0,1,1,1,0
413,38919636,1,1,0,1,0,1,1,1,0
414,38920351,1,1,0,1,0,0,0,0,0
415,38921056,1,1,0,1,0,0,1,0,0
416,38921061,1,1,0,1,0,0,1,0,0
417,38921156,1,1,0,1,0,0,1,0,0
418,38921171,1,1,0,1,0,0,1,0,0
419,38922397,1,1,0,1,0,0,0,0,0
420,38924510,0,1,0,0,0,0,0,0,0
421,38924593,1,0,0,0,0,0,0,0,0
422,38930195,1,1,0,1,0,0,0,0,0
423,38931338,1,1,0,1,0,0,0,0,0
424,38931350,1,1,0,1,0,0,0,0,0
425,38933178,1,0,0,1,0,0,0,0,0
426,38933283,1,1,0,1,0,0,0,0,0
427,38935316,1,1,0,1,0,0,0,0,0
428,38938066,0,1,0,1,0,0,0,0,0
429,38941227,1,1,0,1,0,0,1,0,0
430,38941355,0,0,0,0,0,1,0,0,0
431,38941420,0,1,0,0,0,1,0,0,0
432,38942546,0,1,0,0,1,0,0,1,0
433,38942590,1,1,0,1,0,0,0,0,0
434,38950066,1,1,0,1,0,0,0,0,0
435,38950559,1,1,0,1,0,0,0,0,0
436,38951001,1,1,0,1,0,0,1,0,0
437,38951002,1,1,0,1,0,0,1,0,0
438,38953775,0,0,0,1,0,0,0,0,0
439,38953810,1,0,0,1,0,0,0,0,0
440,38961336,0,1,0,1,0,0,0,0,0
441,38964236,1,0,0,1,0,0,1,0,0
442,38964237,1,0,0,1,0,0,1,0,0
443,38964238,1,0,0,1,0,0,1,0,0
444,38965296,1,1,1,1,0,1,0,1,0
445,38965720,1,1,0,0,0,0,0,0,0
446,38965945,1,1,0,0,0,0,0,0,0
447,38966918,1,1,0,1,0,1,1,1,0
448,38971245,1,1,0,0,0,0,1,0,0
449,38979354,1,1,0,1,0,0,1,0,0
450,38985921,1,1,0,1,0,0,1,0,0
451,38986941,1,0,0,1,0,0,0,0,0
452,38989528,1,1,0,1,0,0,1,0,0
453,38989654,0,1,0,1,0,0,0,0,0
454,38991456,1,1,0,1,0,0,0,0,0
455,38992181,1,1,0,1,0,0,0,0,0
456,38993976,0,1,0,0,1,0,0,1,0
457,38994117,0,1,0,1,0,0,0,0,0
458,38994813,0,1,0,0,0,0,0,0,0
459,38995013,1,1,0,0,0,1,0,0,0
460,38996533,1,1,1,1,0,0,0,0,0
461,38996877,0,1,0,1,0,0,0,1,0
462,39001289,1,1,0,0,0,0,0,0,0
463,39003239,0,1,0,0,0,0,0,0,0
464,39004454,0,1,0,0,0,0,0,0,0
465,39009648,1,1,0,1,0,0,0,0,0
466,39009709,1,1,1,1,0,0,0,0,0
467,39009765,1,1,1,1,0,0,0,0,0
468,39010229,1,1,0,1,0,0,0,0,0
469,39012210,0,1,0,0,0,0,0,0,0
470,39012654,0,1,0,1,0,0,0,1,0
471,39019961,0,0,0,0,0,0,0,0,0
472,39022830,1,1,0,0,0,1,0,0,0
473,39023094,1,1,0,1,0,0,0,0,0
474,39024726,1,1,0,1,0,0,0,0,0
475,39026098,1,1,0,1,0,0,0,0,0
476,39029403,1,1,0,1,0,0,0,0,0
477,39030781,1,1,0,1,0,0,1,1,0
478,39030873,0,1,0,0,1,0,0,1,0
479,39033721,1,1,0,1,0,0,1,0,0
480,39033790,1,1,0,1,0,0,1,0,0
481,39036850,1,1,1,1,0,0,0,0,0
482,39046542,1,1,1,0,0,1,0,1,0
483,39046572,0,1,0,0,0,0,0,0,0
484,39051862,1,1,0,1,0,0,1,0,0
485,39054569,1,1,0,0,0,0,0,1,0
486,39055489,1,1,0,0,0,1,0,0,0
487,39057225,0,0,0,0,0,0,0,0,0
488,39057470,1,1,0,1,0,0,1,0,0
489,39061543,1,1,0,0,0,0,0,0,0
490,39061551,1,1,0,0,0,0,0,0,0
491,39069504,0,0,0,0,0,0,0,1,0
492,39071671,1,1,0,0,0,0,0,0,0
493,39071858,1,1,0,1,0,0,0,0,0
494,39074357,1,1,0,0,0,1,1,0,0
495,39075857,1,1,0,1,0,0,1,0,0
496,39083043,1,1,0,0,0,0,0,0,0
497,39084774,0,1,0,1,0,0,0,0,0
498,39086749,1,1,1,0,0,0,0,0,0
499,39088044,1,1,0,1,0,1,1,1,0
500,39088240,1,1,0,1,0,0,1,0,0
501,39092609,0,1,0,0,0,1,0,0,0
502,39096402,0,1,0,0,0,0,0,0,0
503,39099697,1,1,0,1,0,0,1,0,0
504,39102215,1,1,0,1,0,0,1,0,0
505,39102266,1,1,0,1,0,0,0,0,0
506,39103908,1,1,0,1,0,0,0,0,0
507,39104457,1,1,0,1,0,0,0,0,0
508,39111458,1,1,0,1,0,0,0,0,0
509,39111682,1,1,0,0,0,1,0,0,0
510,39112990,1,1,0,1,0,0,0,0,0
511,39116037,1,1,0,0,0,0,0,1,0
512,39116166,1,1,0,1,0,0,0,0,0
513,39116453,1,1,0,1,0,0,1,0,0
514,39118700,1,1,0,1,0,0,0,1,0
515,39125717,1,1,0,1,0,0,0,0,0
516,39126288,1,1,0,1,0,0,0,0,0
517,39126609,1,0,0,1,0,0,0,0,0
518,39134074,1,1,0,1,0,0,0,0,0
519,39140141,1,1,0,1,0,0,0,0,0
520,39140204,1,1,0,1,0,0,0,0,0
521,39140229,1,1,0,1,0,0,0,0,0
522,39140305,1,1,0,1,0,0,0,0,0
523,39140322,1,1,0,1,0,0,0,0,0
524,39140585,1,1,0,1,0,0,1,0,0
525,39140937,1,1,0,1,0,0,0,0,0
526,39141068,1,1,0,1,0,0,0,0,0
527,39141434,1,1,0,1,0,0,0,0,0
528,39141490,0,1,0,1,0,0,1,0,0
529,39142029,1,1,0,1,0,0,0,0,0
530,39142169,1,1,0,1,0,0,0,0,0
531,39142189,1,1,0,1,0,0,0,0,0
532,39142224,1,1,0,1,0,0,0,0,0
533,39142341,1,1,0,0,0,0,0,0,0
534,39142342,1,1,0,0,0,0,0,0,0
535,39142599,1,1,0,1,0,1,1,1,0
536,39143877,1,1,0,1,0,0,0,0,0
537,39144208,1,1,0,1,0,0,0,0,0
538,39144294,1,1,0,1,0,0,0,0,0
539,39144344,1,1,0,1,0,0,0,0,0
540,39144701,1,1,0,1,0,0,0,0,0
541,39144969,1,1,0,1,0,0,0,0,0
542,39145155,1,1,0,1,0,0,0,0,0
543,39145309,1,1,0,1,0,0,0,0,0
544,39145310,1,1,0,0,0,0,0,0,0
545,39145517,1,1,0,1,0,0,0,0,0
546,39145623,1,1,0,1,0,0,1,0,0
547,39145625,1,1,0,1,0,0,1,0,0
548,39145632,1,1,0,1,0,0,0,0,0
549,39145656,1,1,0,1,0,0,0,0,0
550,39147769,1,1,0,1,0,0,0,0,0
551,39147918,0,1,0,1,0,1,1,1,0
552,39148453,1,1,0,1,0,0,0,0,0
553,39149308,1,1,0,1,0,0,0,0,0
554,39150122,1,1,0,1,0,0,0,0,0
555,39150236,1,1,0,1,0,0,0,0,0
556,39150812,1,1,0,1,0,0,1,0,0
557,39152884,1,1,0,1,0,0,0,0,0
558,39153584,1,1,0,1,0,0,0,0,0
559,39154386,1,1,0,1,0,0,0,0,0
560,39154780,1,0,0,1,0,0,1,0,0
561,39154922,1,1,0,1,0,0,1,0,0
562,39155311,1,1,1,1,0,0,0,0,0
563,39155479,1,1,0,0,0,0,1,0,0
564,39155701,0,1,0,0,0,0,0,0,0
565,39156336,1,1,0,1,0,0,0,0,0
566,39157947,1,1,0,1,0,0,0,0,0
567,39157949,1,1,0,1,0,0,0,0,0
568,39158078,1,1,0,1,0,1,1,1,0
569,39158413,1,1,0,1,0,0,1,0,0
570,39158585,1,1,0,1,0,0,1,0,0
571,39159087,1,1,0,1,0,0,0,0,0
572,39161483,1,1,0,1,0,0,0,0,0
573,39162694,1,1,0,1,0,0,1,0,0
574,39166001,1,0,0,0,0,0,0,0,0
575,39166512,1,1,0,1,0,0,0,0,0
576,39167724,1,1,0,1,0,0,0,0,0
577,39172106,0,1,0,0,0,0,0,0,0
578,39176334,0,1,0,1,0,0,0,0,0
579,39177105,1,1,0,1,0,0,0,0,0
580,39177129,1,1,0,1,0,0,0,0,0
581,39177271,1,1,0,1,0,0,0,0,0
582,39178317,1,1,0,0,0,0,0,0,0
583,39179784,1,0,0,0,0,0,0,0,0
584,39180309,1,1,0,0,0,0,1,0,0
585,39180838,1,1,0,1,0,0,1,0,0
586,39183793,1,1,0,0,0,0,0,0,0
587,39183848,1,1,0,0,0,0,0,0,0
588,39183880,1,1,0,0,0,0,0,0,0
589,39186678,1,1,0,1,0,0,1,0,0
590,39186687,1,1,0,1,0,0,1,0,0
591,39186741,1,1,0,1,0,0,1,0,0
592,39186804,1,1,0,1,0,0,1,0,0
593,39187963,1,1,0,1,0,0,0,0,0
594,39190118,1,0,0,1,0,0,0,0,0
595,39191884,1,1,0,1,0,0,1,0,0
596,39191925,1,1,0,1,0,0,0,0,0
597,39192458,1,1,0,0,0,0,0,0,0
598,39196114,1,1,0,0,0,0,0,0,0
599,39196324,0,0,0,0,0,0,0,0,0
600,39197077,1,1,0,1,0,0,0,0,0
601,39197483,1,1,0,1,0,0,0,0,0
602,39203940,1,1,0,0,0,0,0,0,0
603,39204161,0,1,0,1,0,0,0,0,0
604,39204776,1,1,0,0,0,0,0,1,0
605,39205273,1,1,0,0,0,0,0,0,0
606,39205446,1,1,0,1,0,0,0,0,0
607,39205889,1,1,0,1,0,0,0,0,0
608,39206086,1,1,0,1,0,0,0,0,0
609,39206094,1,1,0,0,0,0,0,0,0
610,39209298,1,1,0,1,0,1,1,1,0
611,39209308,1,1,0,0,0,0,0,0,0
612,39212407,1,1,0,0,0,0,0,0,0
613,39212408,1,1,0,0,0,0,0,0,0
614,39212411,1,1,0,0,0,0,0,0,0
615,39216053,1,1,0,0,0,0,0,0,0
616,39218629,1,1,0,1,0,0,1,0,0
617,39219125,0,1,0,1,0,0,1,0,0
618,39219128,0,1,0,1,0,0,1,0,0
619,39219210,1,1,0,0,0,0,0,0,0
620,39219879,1,1,0,0,0,0,0,0,0
621,39219942,1,1,0,0,0,0,0,0,0
622,39221007,0,1,0,0,0,0,0,0,0
623,39221071,1,1,0,0,0,0,0,0,0
624,39221805,0,1,0,1,0,0,0,0,0
625,39223406,0,1,0,0,0,0,0,0,0
626,39223820,1,1,0,1,0,0,1,0,0
627,39224003,1,1,0,0,0,0,0,0,0
628,39224036,1,1,0,0,0,0,0,0,0
629,39224041,1,1,0,0,0,0,0,0,0
630,39227431,0,0,0,1,0,0,0,0,0
631,39229533,1,1,0,0,0,0,0,0,0
632,39230754,1,1,0,1,0,0,1,0,0
633,39232719,1,1,0,1,0,0,0,0,0
634,39236060,1,1,0,0,0,0,0,0,0
635,39240169,1,1,0,0,0,0,0,0,0
636,39241688,1,1,0,0,0,0,0,0,0
637,39245444,1,1,0,1,0,0,1,0,0
638,39245501,1,1,0,1,0,0,1,0,0
639,39248641,1,1,0,1,0,0,0,0,0
640,39252322,1,1,0,1,0,0,0,1,0
641,39252326,1,1,0,1,0,0,0,1,0
642,39254224,1,1,0,1,0,0,0,0,0
643,39254526,0,1,0,1,0,0,1,0,0
644,39254528,1,1,0,0,0,0,0,0,0
645,39254545,0,1,0,1,0,0,1,0,0
646,39255228,0,1,0,0,0,0,0,0,0
647,39255303,1,1,0,0,0,0,1,0,0
648,39260102,1,1,0,0,0,0,0,0,0
649,39262220,1,0,0,1,0,0,1,0,0
650,39266120,0,1,0,1,0,0,1,0,0
651,39268236,1,1,0,1,0,0,1,0,0
652,39268326,1,1,0,1,0,0,0,0,0
653,39270155,1,1,0,0,0,0,1,0,0
654,39275873,1,1,0,1,0,0,0,0,0
655,39277503,1,1,0,1,0,0,0,0,0
656,39278239,1,1,0,1,0,0,0,0,0
657,39282251,1,1,0,1,0,0,0,0,0
658,39288310,1,1,0,1,0,0,0,0,0
659,39291074,1,1,0,1,0,0,1,0,0
660,39291207,0,1,0,1,0,0,1,0,0
661,39291438,1,1,0,1,0,0,0,0,0
662,39291787,1,1,0,1,0,0,0,0,0
663,39291788,1,1,0,1,0,0,0,0,0
664,39291789,1,1,0,1,0,0,0,0,0
665,39292299,1,1,0,0,0,1,1,0,0
666,39292384,1,1,1,1,0,1,0,1,0
667,39292682,0,0,0,0,0,1,0,0,0
668,39292897,1,1,0,1,0,0,1,0,0
669,39294524,0,0,0,0,0,0,1,0,0
670,39295252,1,1,0,1,0,0,1,0,0
671,39296567,1,1,0,1,0,0,0,0,0
672,39298706,0,0,0,0,0,1,0,1,0
673,39302051,1,1,0,1,0,0,0,0,0
674,39302916,1,1,0,0,0,0,0,0,0
675,39308447,1,0,0,1,0,0,0,0,0
676,39310230,1,1,0,1,0,0,1,0,0
677,39310483,1,1,0,1,0,1,1,1,0
678,39315659,0,1,0,0,0,0,1,0,0
679,39316966,1,1,0,1,0,0,0,0,0
680,39317492,1,1,0,1,0,0,1,0,0
681,39320277,1,1,0,1,0,0,0,0,0
682,39320844,1,0,0,0,0,0,0,0,0
683,39322804,1,1,0,1,0,0,0,0,0
684,39324746,1,1,0,0,0,0,0,0,0
685,39329480,1,1,0,1,0,0,0,0,0
686,39330738,1,1,0,0,0,0,1,0,0
687,39342760,0,1,0,1,0,1,0,1,0
688,39347283,1,1,0,1,0,0,0,0,0
689,39351401,1,0,0,1,0,0,1,0,0
690,39351643,0,1,0,0,0,0,0,0,0
691,39352603,0,1,0,1,0,0,0,0,0
692,39353101,0,0,0,1,0,0,1,0,0
693,39353950,1,1,0,1,0,0,0,0,0
694,39357960,0,0,0,1,0,0,0,0,0
695,39359556,1,1,0,1,0,0,0,0,0
696,39360011,1,0,0,1,0,0,0,0,0
697,39362977,1,1,0,1,0,1,1,1,0
698,39364101,1,1,0,1,0,0,1,0,0
699,39365437,1,1,0,1,0,0,1,0,0
700,39368506,1,1,0,1,0,0,0,0,0
701,39371825,1,1,0,0,0,0,0,0,0
702,39372682,1,1,0,0,0,0,0,0,0
703,39372903,1,1,0,0,0,0,0,0,0
704,39372927,1,0,0,1,0,0,1,0,0
705,39372972,1,1,0,1,0,0,1,0,0
706,39373284,1,1,0,0,0,0,0,0,0
707,39374197,1,1,0,1,0,0,1,0,0
708,39377012,1,1,0,1,0,0,0,0,0
709,39382265,1,1,1,0,0,0,0,0,0
710,39386725,0,0,0,0,0,0,1,0,0
711,39388340,1,1,0,1,0,0,1,0,0
712,39388606,1,1,0,1,0,0,0,0,0
713,39391818,0,1,0,1,0,0,1,0,0
714,39400798,0,1,0,0,0,0,0,0,0
715,39402583,0,0,0,0,0,0,1,0,0
716,39402734,0,0,0,0,0,0,1,0,0
717,39403274,0,1,0,0,0,0,0,0,0
718,39410828,1,1,0,0,0,0,0,0,0
719,39413439,1,1,1,0,0,0,0,0,0
720,39414041,1,1,0,1,0,0,1,0,0
721,39414055,1,1,0,1,0,0,1,0,0
722,39414056,1,1,0,1,0,0,1,0,0
723,39421100,1,1,0,1,0,0,0,0,0
724,39424514,1,1,0,1,0,0,0,0,0
725,39424515,1,1,0,1,0,0,0,0,0
726,39427602,0,1,0,0,0,0,0,0,0
727,39428384,1,1,0,1,0,0,0,0,0
728,39433699,1,1,0,1,0,0,0,0,0
729,39435417,1,1,0,1,0,0,0,0,0
730,39435522,0,1,0,0,0,1,0,1,0
731,39438096,1,1,1,1,0,0,0,0,0
732,39438979,0,1,0,0,0,0,0,0,0
733,39440603,1,1,0,0,0,0,0,0,0
734,39441014,1,0,0,1,0,0,0,0,0
735,39443104,1,1,0,1,0,0,1,0,0
736,39443418,1,1,0,1,0,0,0,0,0
737,39443952,1,1,0,0,0,0,0,0,0
738,39450245,0,1,0,0,0,0,0,0,0
739,39450246,0,1,0,0,0,0,0,0,0
740,39450247,0,1,0,0,0,0,0,0,0
741,39450248,0,1,0,0,0,0,0,0,0
742,39454733,0,1,0,1,0,0,0,0,0
743,39454967,1,1,0,0,0,0,0,0,0
744,39455260,1,1,0,0,0,0,0,0,0
745,39458124,1,0,0,1,0,0,1,0,0
746,39462282,0,1,0,0,0,0,0,0,0
747,39462317,0,1,0,0,0,0,0,0,0
748,39462327,0,1,0,0,0,0,0,0,0
749,39464141,1,1,0,0,0,0,0,0,0
750,39464148,1,1,0,0,0,0,0,0,0
751,39470051,1,1,0,0,0,0,0,0,0
752,39471655,1,1,0,0,0,0,0,0,0
753,39476345,1,1,0,0,0,0,0,0,0
754,39479722,1,1,0,1,0,0,1,0,0
755,39486348,1,1,0,1,0,0,1,0,0
756,39486485,0,1,0,0,0,0,0,0,0
757,39487481,1,1,1,1,0,1,1,0,0
758,39487835,1,1,0,0,0,0,0,0,0
759,39490627,0,0,0,0,0,0,1,0,0
760,39493101,1,1,0,1,0,0,0,0,0
761,39499015,1,1,0,0,0,0,0,0,0
762,39502400,1,0,1,1,0,0,0,0,0
763,39504971,1,1,0,1,0,0,1,0,0
764,39505011,1,1,0,1,0,0,1,0,0
765,39506145,0,0,0,0,0,0,1,0,0
766,39510597,0,1,0,1,0,1,1,0,0
767,39511376,1,0,0,0,0,0,0,0,0
768,39512167,0,0,0,0,0,0,1,0,0
769,39514228,1,1,0,0,0,0,0,0,0
770,39516156,0,0,0,0,0,0,1,0,0
771,39522619,1,1,0,0,0,0,0,0,0
772,39526651,1,1,0,0,0,0,0,0,0
773,39526953,1,1,0,0,0,0,0,0,0
774,39527902,1,0,0,1,0,0,0,0,0
775,39528038,0,0,0,1,0,0,0,0,0
776,39530400,1,1,0,0,0,0,0,1,0
777,39532015,1,1,0,1,0,0,0,0,0
778,39534780,1,1,0,0,0,0,1,0,0
779,39539616,1,1,0,1,0,0,0,0,0
780,39540960,0,1,0,1,0,0,1,0,0
781,39541036,1,1,0,1,0,1,1,1,0
782,39541442,1,1,0,1,0,0,0,0,0
783,39546289,1,1,0,1,0,0,0,0,0
784,39547287,1,1,0,1,0,0,0,0,0
785,39547865,1,1,0,0,0,0,1,0,0
786,39547958,0,1,0,0,0,0,1,0,0
787,39548265,1,1,0,1,0,0,0,0,0
788,39552271,1,1,0,1,0,0,1,0,0
789,39552760,1,1,0,0,0,0,0,0,0
790,39554259,1,0,0,1,0,0,0,0,0
791,39554532,1,1,0,1,0,0,0,0,0
792,39555876,1,1,0,0,0,0,0,0,0
793,39555877,1,1,0,0,0,0,0,0,0
794,39561937,1,1,0,1,0,0,0,0,0
795,39566918,1,1,0,1,0,0,0,0,0
796,39579171,1,1,0,0,0,0,1,0,0
797,39579517,0,1,0,1,0,1,0,0,0
798,39581453,1,1,0,1,0,0,0,0,0
799,39582387,1,1,0,1,0,0,1,0,0
800,39582950,1,1,0,1,0,0,0,0,0
801,39588910,1,1,0,1,0,0,0,0,0
802,39589319,0,1,0,0,1,0,0,1,0
803,39594690,1,1,0,0,0,0,0,0,0
804,39595029,1,1,0,1,0,0,1,0,0
805,39597982,1,1,1,1,0,0,0,0,0
806,39604478,1,1,0,1,0,1,0,0,0
807,39608595,1,1,0,1,0,0,0,0,0
808,39609811,1,1,0,0,0,0,0,0,0
809,39610260,1,1,0,1,0,0,1,0,0
810,39610701,0,1,0,1,0,0,0,0,0
811,39611970,1,1,0,1,0,0,0,0,0
812,39618050,1,1,0,1,0,0,1,0,0
813,39618066,1,1,0,1,0,0,1,0,0
814,39618787,1,1,0,1,0,0,0,0,0
815,39623591,0,0,0,1,0,0,0,0,0
816,39625838,1,1,0,1,0,0,0,0,0
817,39632338,0,1,0,1,0,0,0,0,0
818,39633287,0,1,0,0,0,0,0,0,0
819,39633381,1,1,0,0,0,0,1,0,0
820,39636499,1,1,0,1,0,0,0,0,0
821,39637531,1,0,0,1,0,0,0,0,0
822,39639171,1,1,0,1,0,0,0,0,0
823,39641804,0,1,0,1,0,0,0,0,0
824,39646460,1,1,0,0,0,0,0,0,0
825,39647567,0,1,0,1,0,0,0,0,0
826,39649593,1,1,0,1,0,0,1,0,0
827,39655904,1,1,0,1,0,0,0,0,0
828,39658326,1,1,0,1,0,1,0,0,0
829,39662401,1,0,0,1,0,0,0,1,0
830,39662563,1,0,0,1,0,0,0,1,0
831,39663151,0,1,0,1,0,0,1,0,0
832,39663335,1,0,0,1,0,0,0,1,0
833,39663471,1,0,0,1,0,0,0,1,0
834,39667077,1,0,0,1,0,0,0,1,0
835,39670361,1,1,0,1,0,0,0,0,0
836,39671892,1,1,0,1,0,0,0,0,0
837,39679266,1,0,0,1,0,0,0,1,0
838,39679967,0,0,0,0,0,0,1,0,0
839,39687245,0,1,0,0,0,0,0,0,0
840,39688562,1,1,0,1,0,0,0,0,0
841,39689196,1,1,0,0,0,0,0,0,0
842,39694821,1,1,0,1,0,0,1,0,0
843,39694822,1,1,0,1,0,0,1,0,0
844,39695678,1,1,0,0,0,0,0,0,0
845,39698445,0,0,0,0,0,0,0,0,0
846,39705237,0,1,0,1,0,0,0,0,0
847,39705392,1,1,0,1,0,0,1,0,0
848,39705397,1,1,0,0,0,1,0,1,0
849,39708791,0,1,1,0,0,1,0,1,0
850,39709962,1,1,0,0,0,0,0,0,0
851,39714828,1,1,0,0,0,0,1,0,0
852,39715110,1,1,0,0,0,0,0,0,0
853,39715111,1,1,0,1,0,0,1,0,0
854,39715761,0,1,0,0,0,0,0,0,0
855,39716585,1,1,0,1,0,0,1,0,0
856,39718591,1,1,1,1,0,0,0,0,0
857,39719426,1,1,0,0,0,0,0,0,0
858,39721130,1,1,0,1,0,0,0,0,0
859,39722404,1,1,0,1,0,0,0,0,0
860,39722544,1,1,0,1,0,0,0,0,0
861,39722545,1,1,0,1,0,0,0,0,0
862,39722844,1,1,0,1,0,0,1,0,0
863,39724164,1,1,0,1,0,0,1,0,0
864,39724757,1,1,0,1,0,0,0,0,0
865,39725532,1,1,0,0,0,0,0,0,0
866,39726579,1,1,0,0,0,0,0,0,0
867,39727047,1,1,0,1,0,0,0,0,0
868,39727647,1,1,0,1,0,0,1,0,0
869,39727665,1,1,0,1,0,0,1,0,0
870,39728226,0,0,0,1,0,0,0,0,0
871,39728543,1,1,0,1,0,0,1,0,0
872,39734886,1,1,0,1,0,0,0,0,0
873,39735894,1,1,0,1,0,0,1,0,0
874,39737771,0,1,0,1,0,0,0,0,0
875,39742244,1,1,0,0,0,0,0,0,0
876,39744582,1,1,1,0,0,0,0,0,0
877,39746982,1,1,1,0,0,0,0,0,0
878,39747671,1,1,0,1,0,0,0,0,0
879,39748267,1,1,0,1,0,0,0,0,0
880,39748473,1,1,0,0,0,0,0,0,0
881,39749523,1,1,0,1,0,0,0,0,0
882,39749532,1,1,0,1,0,0,0,0,0
883,39749542,1,1,0,1,0,0,0,0,0
884,39749671,1,1,0,1,0,0,0,0,0
885,39752337,1,1,0,0,0,0,0,0,0
886,39752938,1,1,0,0,0,0,0,0,0
887,39764688,1,1,0,0,0,1,1,0,1
888,39767681,1,1,0,0,0,0,0,0,0
889,39772369,1,1,0,1,0,0,0,0,0
890,39773596,1,1,0,1,0,1,0,0,1
891,39773731,1,1,0,1,0,0,0,0,0
892,39777067,1,1,0,1,0,0,0,0,0
893,39777806,1,0,0,0,0,0,0,0,0
894,39783711,0,1,0,1,0,1,1,0,0
895,39784320,1,0,0,0,0,0,0,0,0
896,39788340,1,1,0,1,0,0,0,0,0
897,39789450,0,0,0,1,0,0,0,0,0
898,39791917,1,1,0,1,0,0,1,0,0
899,39792182,0,0,0,1,0,0,0,0,0
900,39792333,1,1,0,1,0,0,0,0,0
901,39798278,0,0,0,0,0,0,0,0,0
902,39799572,0,0,0,1,0,0,0,0,0
903,39806316,1,1,0,1,0,0,0,0,0
904,39808480,1,1,0,1,0,0,0,0,0
905,39808661,1,1,0,1,0,0,0,0,0
906,39809970,0,1,0,1,0,0,1,0,0
907,39812212,0,0,0,0,0,0,0,0,0
908,39813042,1,1,0,0,0,0,0,0,0
909,39814844,0,1,0,0,0,0,0,0,0
910,39815654,1,1,0,1,0,0,0,0,0
911,39818511,1,1,0,1,0,0,1,0,0
912,39822769,0,0,0,1,0,0,0,0,0
913,39824008,1,1,1,1,0,1,1,1,0
914,39827186,1,1,0,0,0,1,0,0,1
915,39827861,1,1,0,0,0,1,0,0,0
916,39828488,1,1,0,1,0,1,0,0,0
917,39829827,1,1,0,1,0,0,1,0,0
918,39829828,1,1,0,1,0,0,1,0,0
919,39831418,1,1,0,1,0,0,0,0,0
920,39831850,1,1,0,1,0,0,0,0,0
921,39835014,1,1,0,0,0,0,0,0,0
922,39839274,0,1,0,0,0,0,0,0,0
923,39845243,0,1,0,0,0,1,0,1,1
924,39846386,0,0,0,1,0,0,0,0,0
925,39846748,1,1,0,1,0,0,0,0,0
926,39848926,1,1,0,1,0,0,0,0,0
927,39849654,1,1,0,1,0,0,0,0,0
928,39857207,1,1,0,0,0,0,0,0,0
929,39858903,1,1,0,1,0,0,0,0,0
930,39859094,1,1,0,0,0,0,0,0,0
931,39861706,1,1,0,1,0,0,0,0,0
932,39866010,0,1,0,0,0,0,0,0,0
933,39866018,1,1,0,0,0,0,0,1,0
934,39866680,1,1,0,1,0,0,0,0,0
935,39866779,0,1,0,0,0,0,0,0,0
936,39866895,1,1,0,1,0,0,0,0,0
937,39867023,0,1,0,0,0,0,0,0,0
938,39867841,0,1,0,0,0,0,0,0,0
939,39867970,1,1,0,1,0,0,0,0,0
940,39868160,1,1,0,1,0,0,0,0,0
941,39868161,1,1,0,1,0,0,0,0,0
942,39868162,1,1,0,1,0,0,0,0,0
943,39868163,1,1,0,1,0,0,0,0,0
944,39868164,1,1,0,1,0,0,0,0,0
945,39870683,1,1,0,0,0,0,0,0,0
946,39870758,0,1,0,0,0,0,0,0,0
947,39873665,1,0,1,1,0,0,0,0,0
948,39873826,0,1,0,0,0,0,1,0,0
949,39874556,1,1,0,1,0,0,0,0,0
950,39876769,1,1,0,1,0,0,0,0,0
951,39877843,1,1,0,0,0,0,0,0,0
952,39878151,1,1,0,0,0,0,0,0,0
953,39883354,1,1,0,0,0,0,0,0,0
954,39883451,1,1,0,0,0,0,0,0,0
955,39884387,1,1,0,1,0,0,0,0,0
956,39887253,0,0,0,0,0,0,0,0,0
957,39887761,1,1,0,1,0,0,0,0,0
958,39890072,1,1,0,0,0,0,0,0,0
959,39891365,0,1,0,0,0,1,0,1,1
960,39893833,0,1,0,0,0,0,0,0,0
961,39894005,1,1,0,0,0,0,0,0,0
962,39895172,1,1,0,1,0,0,0,0,0
963,39899146,1,1,0,0,0,0,1,0,0
964,39900158,1,1,0,1,0,0,0,0,0
965,39900648,1,1,0,0,0,0,0,0,0
966,39901198,0,1,0,1,0,0,1,0,0
967,39905301,1,1,0,0,0,0,0,0,0
968,39906518,1,1,0,1,0,0,1,0,0
969,39908193,0,0,0,1,0,0,1,0,0
970,39914362,1,1,0,1,0,0,0,0,0
971,39915769,1,1,0,1,0,0,0,0,0
972,39917154,1,1,0,1,0,0,0,0,0
973,39917331,1,1,0,1,0,0,0,0,0
974,39917711,1,1,0,1,0,0,0,0,0
975,39918670,1,1,1,1,0,0,0,0,0
976,39918873,1,1,0,1,0,0,1,0,0
977,39919694,1,1,0,0,0,0,1,0,0
978,39923453,1,1,0,0,0,0,0,0,0
979,39925092,1,1,0,1,0,0,0,0,0
980,39925315,1,1,0,0,0,0,1,0,0
981,39925585,1,1,0,1,0,0,1,0,0
982,39928193,1,1,0,1,0,0,0,0,0
983,39930532,1,1,0,1,0,0,0,0,0
984,39932924,1,1,0,1,0,0,0,0,0
985,39941890,1,1,0,1,0,0,0,0,0
986,39942109,1,1,0,0,0,0,0,0,0
987,39942139,0,1,0,0,0,0,0,0,0
988,39951403,0,0,0,1,0,0,0,0,0
989,39954648,1,1,0,0,0,0,0,0,0
990,39955013,0,1,0,0,0,0,0,1,0
991,39961986,1,1,0,1,0,0,0,0,0
992,39963958,1,1,0,1,0,0,1,0,0
993,39972422,1,1,0,0,0,0,1,0,0
994,39974204,1,1,0,1,0,0,0,0,0
995,39975849,1,1,0,1,0,0,0,0,0
996,39979025,1,1,0,1,0,0,0,0,0
997,39979161,1,1,0,0,0,0,0,0,0
998,39980576,0,1,0,1,0,0,1,0,0
999,39980988,0,1,0,0,1,0,0,1,0
1000,39982982,1,1,0,0,0,0,0,0,0
1001,39984687,1,1,0,0,0,0,0,0,0
1002,39988046,1,1,0,0,0,0,0,0,0
1003,39990213,1,1,0,1,0,0,0,0,0
1004,39995247,0,1,0,1,0,0,1,0,0
1005,39995370,1,1,0,0,0,0,1,0,0
1006,39995692,0,0,0,1,0,0,0,0,0
1007,39996316,0,0,0,0,0,0,0,1,0
1008,39998330,1,1,0,0,0,1,0,1,0
1009,40004251,0,0,0,1,0,0,1,0,0
1010,40004524,1,1,0,0,0,0,0,0,0
1011,40005447,0,0,0,1,0,0,1,0,0
1012,40005621,0,1,0,0,0,0,0,0,0
1013,40008803,1,1,0,1,0,0,1,0,0
1014,40009529,1,1,0,1,0,0,0,0,0
1015,40010624,1,1,0,1,0,0,1,0,0
1016,40010625,1,1,0,1,0,0,1,0,0
1017,40012141,1,1,0,1,0,0,0,0,0
1018,40013501,1,1,0,1,0,0,1,0,0
1019,40014752,1,1,0,1,0,0,0,0,0
1020,40016491,1,1,0,0,0,0,0,0,0
1021,40018165,1,1,1,0,0,0,0,0,0
1022,40020893,0,1,0,0,0,1,0,1,0
1023,40020894,0,1,0,0,0,1,0,1,0
1024,40020943,1,1,0,1,0,0,0,0,0
1025,40022548,1,1,0,0,0,0,0,0,0
1026,40022618,1,1,1,1,0,0,1,1,0
1027,40025777,1,1,1,0,0,1,0,1,0
1028,40027694,1,1,0,1,0,0,0,0,0
1029,40027893,1,1,0,0,0,0,0,0,0
1030,40031073,1,1,0,1,0,0,0,0,0
1031,40034004,0,1,0,0,0,0,0,0,0
1032,40034126,0,1,0,0,0,0,0,0,0
1033,40036844,1,1,0,1,0,0,0,0,0
1034,40036944,1,1,0,1,0,0,0,0,0
1035,40045842,1,1,0,0,0,1,1,0,1
1036,40045911,1,1,0,1,0,0,0,0,0
1037,40049016,0,1,0,1,0,0,0,0,0
1038,40049039,1,1,0,0,0,0,0,1,0
1039,40052195,1,1,1,0,0,1,0,1,0
1040,40052787,0,0,0,1,0,0,0,0,0
1041,40053109,0,0,0,1,0,0,1,0,0
1042,40059069,1,1,0,1,0,0,0,0,0
1043,40059410,1,1,0,1,0,0,0,0,0
1044,40064202,0,1,0,1,0,0,1,1,0
1045,40067252,1,1,1,1,0,1,1,1,0
1046,40067480,1,1,0,1,0,0,0,0,0
1047,40067497,1,1,0,1,0,0,0,0,0
1048,40073238,1,1,0,1,0,0,0,0,0
1049,40075499,1,1,0,0,0,0,0,0,0
1050,40079584,1,1,0,1,0,0,0,0,0
1051,40084233,1,1,0,1,0,0,0,0,0
1052,40084577,1,1,0,0,0,0,1,0,0
1053,40086171,1,1,0,0,0,0,0,1,0
1054,40087387,1,1,1,0,0,0,0,0,0
1055,40088467,1,0,0,0,0,0,0,0,0
1056,40090873,1,1,0,1,0,0,0,0,0
1057,40090959,1,1,0,0,0,0,0,0,0
1058,40092412,0,0,0,0,0,0,0,0,0
1059,40094609,1,1,0,1,0,0,0,0,0
1060,40094646,1,1,0,1,0,0,0,0,0
1061,40094699,1,1,0,1,0,0,0,0,0
1062,40094737,1,1,0,1,0,0,0,0,0
1063,40095645,1,1,0,1,0,0,0,0,0
1064,40095967,1,1,1,0,0,0,0,0,0
1065,40095968,1,1,1,0,0,0,0,0,0
1066,40097488,0,1,0,1,0,0,0,0,0
1067,40098780,1,1,0,1,0,0,0,0,0
1068,40099938,0,1,0,1,0,0,1,0,0
1069,40100271,1,1,0,1,0,0,0,0,0
1070,40106749,0,1,0,0,0,1,0,0,0
1071,40108502,1,1,0,0,0,0,0,1,0
1072,40109550,1,1,0,0,0,0,0,0,0
1073,40111580,0,1,0,1,0,0,0,0,0
1074,40120255,1,1,0,1,0,0,1,0,0
1075,40124294,1,1,0,1,0,0,0,0,0
1076,40125892,0,0,0,1,0,0,0,0,0
1077,40131103,1,1,0,1,0,0,0,0,0
1078,40131621,1,1,0,1,0,0,0,0,0
1079,40131929,1,1,1,1,0,1,1,0,1
1080,40137230,1,1,0,1,0,0,0,0,0
1081,40139106,0,0,0,0,0,0,1,0,0
1082,40142871,1,1,0,1,0,0,0,0,0
1083,40142872,1,1,0,1,0,0,0,0,0
1084,40143241,0,1,0,0,0,0,0,0,0
1085,40145975,0,0,0,0,0,0,0,0,0
1086,40147169,1,1,0,0,0,0,1,0,0
1087,40147775,0,1,0,1,0,0,0,1,0
1088,40148929,1,1,0,0,0,0,0,0,0
1089,40155358,1,1,0,1,0,0,1,0,0
1090,40157692,1,1,0,1,0,0,0,0,0
1091,40158124,1,1,1,1,0,0,0,0,0
1092,40160559,1,1,0,0,0,0,0,0,0
1093,40161833,1,1,0,1,0,0,0,0,0
1094,40166462,1,1,0,0,0,0,0,0,0
1095,40168499,1,1,0,0,0,0,0,1,0
1096,40169540,1,1,0,0,0,0,0,0,0
1097,40177162,1,1,0,1,0,0,1,0,0
1098,40179751,0,1,0,0,0,0,0,0,0
1099,40181112,1,1,0,0,0,0,0,0,0
1100,40182122,0,1,0,0,0,1,0,0,0
1101,40182457,0,1,0,0,0,1,0,0,0
1102,40183818,1,1,0,0,0,0,0,0,0
1103,40184903,1,1,0,0,0,0,1,0,0
1104,40189624,1,1,0,1,0,0,0,0,0
1105,40192096,0,1,0,0,0,1,0,0,0
1106,40192105,0,1,0,0,0,1,0,0,0
1107,40199588,1,1,0,1,0,0,0,0,0
1108,40199589,1,1,0,1,0,0,0,0,0
1109,40207259,0,0,0,0,0,0,1,0,0
1110,40207260,0,0,0,0,0,0,1,0,0
1111,40207261,0,0,0,0,0,0,1,0,0
1112,40207262,0,0,0,0,0,0,1,0,0
1113,40207560,1,1,0,1,0,0,0,0,0
1114,40207561,1,1,0,1,0,0,0,0,0
1115,40207630,1,1,0,1,0,0,1,0,0
1116,40208095,1,1,0,0,0,0,0,1,0
1117,40208819,1,1,0,1,0,0,1,0,0
1118,40209792,1,1,0,1,0,0,1,0,0
1119,40209806,1,1,1,0,0,1,0,1,0
1120,40211856,1,1,0,0,0,0,0,0,0
1121,40211857,1,1,0,0,0,0,0,0,0
1122,40211928,1,1,0,0,0,0,1,0,0
1123,40216904,1,1,0,0,0,0,0,0,0
1124,40218844,1,1,0,1,0,0,0,0,0
1125,40222531,0,0,0,1,0,0,0,0,0
1126,40228331,1,1,0,1,0,0,0,0,0
1127,40229349,1,1,0,1,0,0,0,1,0
1128,40231150,1,0,0,1,0,0,0,0,0
1129,40231258,0,1,0,1,0,0,0,0,0
1130,40231294,1,1,0,0,0,0,0,0,0
1131,40235873,0,1,0,1,0,0,1,0,0
1132,40236061,1,1,0,0,0,0,0,0,0
1133,40236062,1,1,0,0,0,0,0,0,0
1134,40236063,1,1,0,0,0,0,0,0,0
1135,40241595,1,1,0,1,0,0,0,0,0
1136,40241958,1,1,1,0,0,0,0,0,0
1137,40248240,1,1,0,1,0,0,0,0,0
1138,40256646,1,1,0,1,0,0,0,0,0
1139,40257661,1,1,0,1,0,0,0,1,0
1140,40259750,0,1,0,1,0,0,1,0,0
1141,40259888,1,1,0,1,0,0,0,0,0
1142,40270044,1,1,0,1,0,0,0,0,0
1143,40270045,1,1,0,1,0,0,0,0,0
1144,40270299,1,1,0,1,0,0,1,0,0
1145,40270659,1,1,0,0,0,0,0,1,0
1146,40271192,0,0,0,1,0,0,1,0,0
1147,40274216,1,1,0,1,0,0,0,0,0
1148,40275824,1,1,0,1,0,0,0,0,0
1149,40278484,1,1,0,1,0,0,0,0,0
1150,40278562,1,1,0,1,0,1,1,0,0
1151,40278934,1,1,1,1,0,1,1,1,0
1152,40279028,1,1,0,1,0,0,1,0,0
1153,40280118,1,1,0,1,0,0,0,0,0
1154,40281955,0,0,0,1,0,0,1,0,0
1155,40288333,1,1,0,1,0,0,0,0,0
1156,40291869,0,1,0,1,0,0,0,0,0
1157,40291989,1,1,0,1,0,0,0,0,0
1158,40300581,1,1,0,1,0,0,0,0,0
1159,40300719,0,1,0,1,0,0,0,0,1
1160,40300721,0,1,0,1,0,0,0,0,1
1161,40310189,0,0,0,1,0,0,0,0,0
1162,40314237,1,1,0,1,0,0,0,0,0
1163,40315162,0,1,0,1,0,0,0,0,0
1164,40315352,1,1,0,0,0,0,0,0,0
1165,40317101,1,1,1,0,0,1,0,1,0
1166,40318414,1,1,0,0,0,0,0,1,0
1167,40319244,1,1,0,1,0,0,0,0,0
1168,40321296,0,0,0,1,0,0,0,0,0
1169,40324051,1,1,0,1,0,1,0,0,0
1170,40327897,1,1,0,1,0,0,1,0,0
1171,40328216,1,1,1,0,0,1,0,1,0
1172,40329437,1,1,0,1,0,0,0,0,0
1173,40331003,1,1,0,1,0,0,0,0,0
1174,40335464,1,1,1,0,0,0,1,0,0
1175,40336575,1,1,1,0,0,0,0,0,0
1176,40338509,1,1,0,1,0,0,0,0,0
1177,40340593,1,1,0,1,0,1,1,1,0
1178,40343977,1,1,0,1,0,0,1,0,0
1179,40344499,1,1,0,1,0,0,0,0,0
1180,40344719,1,1,0,1,0,0,1,0,0
1181,40345298,1,1,0,1,0,0,0,0,0
1182,40348405,0,1,0,0,0,0,0,0,0
1183,40349792,1,1,0,1,0,0,1,0,0
1184,40352849,1,1,0,0,0,0,0,0,0
1185,40354033,1,1,0,0,0,0,0,1,0
1186,40361987,1,1,0,1,0,0,0,0,0
1187,40362009,1,1,0,1,0,0,0,0,0
1188,40363858,1,1,0,0,0,0,0,0,0
1189,40365873,1,1,0,1,0,0,1,0,0
1190,40369561,1,1,0,0,0,0,0,0,0
1191,40371371,1,0,0,1,0,0,0,0,0
1192,40374288,1,1,0,1,0,0,0,0,1
1193,40382048,1,1,0,0,0,0,0,0,0
1194,40385464,1,1,0,0,0,0,0,1,0
1195,40385699,0,0,0,1,0,0,0,0,0
1196,40385790,1,1,0,1,0,0,1,0,0
1197,40386941,0,1,0,1,0,0,0,0,0
1198,40386943,0,1,0,1,0,0,0,0,0
1199,40389774,1,1,0,0,0,0,0,0,0
1200,40401238,1,1,0,1,0,0,1,0,0
1201,40402536,1,1,0,1,0,0,1,0,0
1202,40404513,1,1,0,1,0,1,1,0,0
1203,40407179,1,1,0,1,0,0,0,0,0
1204,40411620,1,1,0,1,0,0,0,0,0
1205,40411621,1,1,0,1,0,0,0,0,0
1206,40413425,1,1,0,0,0,0,0,0,0
1207,40413765,0,1,0,0,0,0,0,0,0
1208,40415356,1,1,0,1,0,0,0,0,0
1209,40415357,1,1,0,1,0,0,0,0,0
1210,40416184,1,1,0,1,0,0,0,0,0
1211,40416400,1,1,0,0,0,0,0,0,0
1212,40417428,0,0,0,1,0,0,1,0,0
1213,40419855,1,1,0,1,0,0,1,0,0
1214,40420055,1,1,0,0,0,0,0,0,0
1215,40421822,0,0,0,0,0,0,1,0,0
1216,40421865,1,1,0,0,0,0,1,0,0
1217,40422633,0,0,0,1,0,0,1,0,0
1218,40424977,0,1,0,0,0,0,0,0,0
1219,40427093,1,1,0,1,0,0,0,0,0
1220,40428440,1,1,0,1,0,0,0,0,0
1221,40428614,1,1,0,1,0,0,0,0,0
1222,40431127,1,1,0,1,0,0,0,0,0
1223,40435995,1,1,0,1,0,0,0,0,0
1224,40443422,1,1,0,0,0,0,0,0,0
1225,40449379,0,1,0,0,0,0,0,0,0
1226,40450351,1,1,1,0,0,0,0,0,0
1227,40458509,1,1,0,1,0,0,0,0,0
1228,40463023,1,1,0,1,0,0,0,0,0
1229,40463410,0,1,0,0,1,0,0,1,0
1230,40464030,1,1,0,1,0,0,0,0,0
1231,40465540,1,1,0,1,0,0,1,0,0
1232,40467228,1,1,0,0,0,0,1,0,0
1233,40473030,0,0,0,1,0,0,0,0,0
1234,40475206,0,1,0,1,0,0,0,0,0
1235,40478205,1,1,0,0,0,0,0,0,0
1236,40481888,1,1,0,0,0,0,0,0,0
1237,40487400,0,1,0,1,0,0,0,0,0
1238,40490522,0,1,0,0,0,0,0,0,1
1239,40502645,0,0,0,1,0,0,1,0,0
1240,40507997,1,1,0,1,0,0,0,0,0
1241,40508408,0,0,0,1,0,0,1,0,0
1242,40510136,1,1,0,1,0,0,0,1,0
1243,40510187,1,1,0,1,0,0,0,1,0
1244,40510210,1,1,0,1,0,0,0,1,0
1245,40510394,1,1,0,1,0,0,0,1,0
1246,40510570,0,0,0,1,0,0,0,0,0
1247,40510592,1,1,0,1,0,0,0,1,0
1248,40510745,0,1,0,1,0,0,0,0,0
1249,40511098,1,1,0,0,0,0,0,1,0
1250,40512777,1,1,0,0,0,0,0,1,0
1251,40513999,0,0,0,0,0,0,0,0,0
1252,40515782,1,1,0,0,0,0,0,1,0
1253,40516339,1,1,0,0,0,0,0,0,0
1254,40516794,1,1,0,1,0,0,0,1,0
1255,40517297,1,1,0,0,0,0,0,0,0
1256,40517300,0,1,0,1,0,0,0,0,0
1257,40524404,0,1,0,1,0,0,0,0,0
1258,40524871,1,1,0,0,0,0,0,0,0
1259,40525313,1,1,0,1,0,0,0,0,0
1260,40526746,1,1,0,1,0,0,0,0,0
1261,40530116,1,1,0,1,0,0,1,0,0
1262,40536084,1,1,0,1,0,0,0,1,0
1263,40537593,1,1,0,1,0,0,0,1,0
1264,40539080,1,1,0,1,1,0,1,0,0
1265,40539636,1,1,0,1,0,0,0,1,0
1266,40544993,1,1,0,1,0,0,0,0,0
1267,40548267,1,0,0,0,0,0,0,0,0
1268,40549161,1,1,0,1,0,0,0,0,0
1269,40550812,0,1,1,1,0,0,0,0,0
1270,40552268,0,1,0,0,0,0,0,0,0
1271,40554190,0,1,0,1,0,1,1,1,0
1272,40555424,1,1,0,1,0,0,0,0,0
1273,40556692,1,1,0,0,0,0,0,0,0
1274,40557207,1,1,0,1,0,0,0,0,0
1275,40557209,1,1,0,1,0,0,0,0,0
1276,40557881,1,1,0,1,0,0,1,0,0
1277,40565652,0,0,0,1,0,0,0,0,0
1278,40572253,1,1,0,1,0,0,0,0,0
1279,40572534,0,0,0,1,0,0,1,0,0
1280,40572840,1,1,0,1,0,0,1,0,1
1281,40574064,1,1,0,1,0,0,0,0,0
1282,40574491,1,1,0,0,0,0,0,0,0
1283,40575253,0,0,0,1,0,0,0,0,0
1284,40575434,1,0,0,1,0,0,0,0,0
1285,40582392,1,1,0,0,0,0,0,0,0
1286,40588789,1,1,0,0,0,0,0,0,0
1287,40590817,0,1,0,1,0,0,1,1,0
1288,40591469,1,1,0,0,0,0,0,0,0
1289,40596012,0,1,0,0,0,1,0,0,0
1290,40596013,0,1,0,0,0,1,0,0,0
1291,40602692,1,0,0,1,0,0,0,0,0
1292,40605627,1,1,0,1,0,1,1,1,0
1293,40608356,1,0,0,1,0,0,0,0,0
1294,40608926,0,1,0,1,0,0,1,0,0
1295,40609100,1,1,1,0,0,0,0,0,0
1296,40609473,1,1,1,0,0,0,0,0,0
1297,40609813,1,0,0,1,0,0,0,0,0
1298,40611348,1,1,1,0,0,0,0,0,0
1299,40612010,1,1,0,1,0,0,0,0,0
1300,40613042,1,1,1,0,0,0,0,0,0
1301,40613422,0,0,0,1,0,0,0,0,0
1302,40616286,0,0,0,1,0,0,0,0,0
1303,40617237,0,1,0,0,0,0,0,0,1
1304,40622425,1,1,0,0,0,0,0,0,0
1305,40626226,1,1,0,0,0,0,0,0,0
1306,40627947,1,1,0,0,0,1,0,0,0
1307,40629559,1,1,0,1,0,0,0,0,0
1308,40629560,1,1,0,1,0,0,0,0,0
1309,40629561,1,1,0,1,0,0,0,0,0
1310,40629562,1,1,0,1,0,0,0,0,0
1311,40630208,1,1,0,1,0,0,0,0,0
1312,40632221,1,1,0,0,0,0,0,0,0
1313,40643160,1,0,0,1,0,0,0,0,0
1314,40643581,1,0,0,1,0,0,0,0,0
1315,40644831,1,1,0,1,0,0,1,0,1
1316,40645413,1,1,0,0,0,1,0,1,0
1317,40659394,0,1,0,0,0,0,0,1,0
1318,40659544,1,1,0,1,0,0,0,0,0
1319,40661060,1,1,0,0,0,0,0,0,0
1320,40662980,0,0,0,1,0,1,0,0,0
1321,40663707,1,1,0,0,0,0,0,0,0
1322,40669534,1,1,0,1,0,0,0,0,0
1323,40670023,1,1,0,0,0,0,0,0,0
1324,40675498,1,1,0,1,0,0,1,0,0
1325,40681987,0,0,0,0,0,1,0,1,0
1326,40686492,1,1,0,1,0,0,0,0,0
1327,40687701,1,1,0,1,0,0,0,0,0
1328,40688746,1,1,0,0,0,1,0,0,0
1329,40689069,0,0,0,1,0,0,0,0,0
1330,40689539,1,1,0,1,0,0,0,0,0
1331,40697513,0,1,0,1,0,0,0,0,0
1332,40698087,1,1,0,0,0,1,0,1,0
1333,40699802,0,1,0,1,0,0,0,0,0
1334,40702274,0,1,0,1,0,0,0,0,0
1335,40702972,0,1,0,1,0,0,0,0,0
1336,40703984,0,0,0,1,0,0,0,0,0
1337,40705087,1,1,1,0,0,1,0,0,0
1338,40705088,1,1,1,0,0,1,0,0,0
1339,40707613,0,1,0,1,0,0,0,0,0
1340,40714007,1,1,0,0,0,0,0,0,0
1341,40720542,0,1,0,1,0,0,0,0,0
1342,40724068,1,1,0,1,0,0,1,0,0
1343,40726582,1,1,0,1,0,0,1,0,0
1344,40730461,1,1,1,0,0,0,0,0,0
1345,40732224,1,1,0,1,0,0,0,0,0
1346,40732406,1,1,0,1,0,0,0,0,0
1347,40732604,1,1,0,1,0,0,0,0,0
1348,40733705,1,0,0,0,0,0,0,0,0
1349,40735586,0,1,0,0,0,1,0,0,0
1350,40735587,0,1,0,0,0,1,0,0,0
1351,40736093,1,1,0,1,0,0,0,0,0
1352,40737322,1,1,0,1,0,0,0,0,0
1353,40743840,1,1,0,0,0,0,0,0,0
1354,40743938,1,1,0,1,0,0,0,0,0
1355,40743939,1,1,0,1,0,0,0,0,0
1356,40743940,1,1,0,1,0,0,0,0,0
1357,40743941,1,1,0,1,0,0,0,0,0
1358,40743942,1,1,0,1,0,0,0,0,0
1359,40743943,1,1,0,1,0,0,0,0,0
1360,40743970,0,1,0,1,0,0,0,0,1
1361,40743971,0,1,0,1,0,0,0,0,1
1362,40747655,1,1,0,1,0,0,0,0,0
1363,40747656,1,1,0,1,0,0,0,0,0
1364,40747657,1,1,0,1,0,0,0,0,0
1365,40747658,1,1,0,1,0,0,0,0,0
1366,40749874,1,1,1,1,0,0,0,1,0
1367,40749875,1,1,1,1,0,0,0,1,0
1368,40755087,1,1,0,1,0,0,0,0,0
1369,40755462,1,1,0,0,0,0,0,1,0
1370,40755668,0,0,0,1,0,0,1,0,0
1371,40760443,1,1,0,1,0,0,0,0,0
1372,40762164,1,1,0,0,0,0,0,0,0
1373,40777408,1,1,0,1,0,0,1,0,0
1374,40778646,1,1,0,1,0,0,1,0,0
1375,40779147,1,1,0,0,0,0,0,0,0
1376,40779701,0,1,0,0,0,0,0,0,0
1377,40783234,1,1,0,1,0,0,0,0,0
1378,40785518,1,1,0,0,0,0,0,0,0
1379,40787483,1,1,0,0,0,0,0,0,0
1380,40792968,1,0,0,1,0,0,0,0,0
1381,40794915,1,1,0,1,0,0,0,0,0
1382,40795453,1,1,0,0,0,0,0,0,0
1383,40800810,1,1,0,0,0,0,0,0,0
1384,40804035,0,0,0,0,0,0,0,0,0
1385,40808464,0,1,0,0,0,0,0,1,0
1386,40809090,1,1,1,0,0,1,0,1,0
1387,40809510,0,0,0,1,0,0,0,0,0
1388,40810758,1,1,0,0,0,0,0,0,0
1389,40811198,1,1,0,0,0,0,0,0,0
1390,40812696,1,1,0,1,0,0,0,0,0
1391,40815162,1,1,0,1,0,0,0,0,0
1392,40816129,1,1,1,0,0,0,0,0,0
1393,40816549,1,1,0,1,0,0,1,0,0
1394,40818419,1,1,0,1,0,1,0,0,0
1395,40820430,0,1,0,1,0,0,0,0,0
1396,40825875,0,1,0,0,0,0,0,0,0
1397,40826295,1,1,0,1,0,0,0,0,0
1398,40826472,1,1,1,1,0,1,0,1,0
1399,40828464,1,1,0,1,0,0,0,0,0
1400,40829063,0,1,0,1,0,0,1,0,0
1401,40829086,1,1,1,0,0,0,0,1,0
1402,40829238,1,1,0,0,0,0,0,0,0
1403,40829491,1,1,0,1,0,0,1,0,0
1404,40831908,1,1,0,1,0,0,0,0,0
1405,40833693,0,0,0,0,0,1,0,0,0
1406,40840712,0,1,0,0,0,0,0,0,0
1407,40841551,1,1,0,0,0,0,1,0,0
1408,40842550,1,1,0,0,0,1,0,1,0
1409,40843019,1,1,0,1,0,1,1,1,0
1410,40845962,0,1,0,0,0,0,0,0,0
1411,40849786,0,0,0,0,0,0,0,0,0
1412,40850697,1,1,0,1,0,0,0,0,0
1413,40850962,1,1,0,0,0,0,0,1,0
1414,40853708,1,1,0,0,0,1,0,1,0
1415,40854097,1,1,0,1,0,0,0,1,0
1416,40855996,1,1,0,0,0,0,0,1,0
1417,40856469,1,1,0,1,0,0,0,0,0
1418,40858790,1,1,0,0,0,0,0,0,0
1419,40863579,1,1,0,0,0,0,0,0,1
1420,40871531,1,1,0,1,0,1,1,0,0
1421,40874707,0,1,0,1,0,0,0,0,0
1422,40874843,1,1,0,1,0,0,1,0,0
1423,40875051,1,1,0,1,0,0,1,0,0
1424,40876891,1,1,0,1,0,0,0,0,0
1425,40877750,0,0,0,1,0,0,1,0,0
1426,40877785,1,0,0,0,0,0,0,0,0
1427,40880268,1,1,0,1,0,0,0,0,0
1428,40881617,0,1,0,1,0,0,1,0,0
1429,40882263,1,1,0,1,0,1,1,1,0
1430,40884416,0,1,0,1,0,0,0,0,0
1431,40884494,1,1,0,1,0,0,0,0,0
1432,40885551,1,1,0,1,0,0,0,0,0
1433,40894132,1,0,0,1,0,0,0,0,0
1434,40894989,0,1,0,1,0,0,1,0,0
1435,40894998,1,1,0,1,0,0,0,0,0
1436,40895426,1,1,0,1,0,0,0,0,0
1437,40895432,0,1,0,1,0,0,0,0,0
1438,40898081,1,1,0,0,0,0,0,0,0
1439,40898619,1,1,0,1,0,0,0,0,0
1440,40899081,0,1,0,1,0,0,0,0,0
1441,40906909,1,1,0,1,0,1,0,0,0
1442,40909757,0,0,0,1,0,0,0,0,0
1443,40910836,0,0,0,1,0,0,0,0,0
1444,40911298,1,1,0,0,0,0,0,0,0
1445,40911670,1,1,0,0,0,0,0,0,0
1446,40918345,1,1,0,1,0,0,0,0,0
1447,40918942,0,1,0,1,0,0,0,0,1
1448,40925535,1,1,0,1,0,0,0,0,0
1449,40931693,1,1,0,1,0,1,0,1,0
1450,40935512,1,1,0,1,0,0,0,0,0
1451,40935563,1,1,1,1,0,1,1,0,0
1452,40937456,1,1,0,1,0,0,0,0,0
1453,40944181,1,1,1,1,0,1,1,0,0
1454,40947347,0,0,0,1,0,0,1,0,0
1455,40948587,1,1,0,1,0,0,0,0,0
1456,40952149,1,1,0,1,0,0,1,0,0
1457,40953958,0,1,0,1,0,0,1,0,0
1458,40955895,0,1,0,1,0,0,0,0,0
1459,40955896,0,1,0,1,0,0,0,0,0
1460,40957005,0,1,0,1,0,0,0,0,0
1461,40957006,0,1,0,1,0,0,0,0,0
1462,40957827,0,1,0,1,0,0,0,0,0
1463,40961965,1,1,1,1,0,0,0,0,0
1464,40963141,0,1,0,1,0,0,0,0,0
1465,40963229,0,0,0,1,0,0,0,0,0
1466,40963644,0,0,0,0,0,1,0,1,0
1467,40964260,1,1,0,1,0,0,0,0,0
1468,40965621,1,1,1,1,0,1,0,1,1
1469,40965716,1,1,0,1,0,0,0,0,0
1470,40973121,1,1,0,1,0,1,0,0,0
1471,40978246,1,1,0,0,0,0,0,0,0
1472,40978610,1,1,0,1,0,0,0,0,0
1473,40980690,1,1,0,1,0,0,0,0,0
1474,40980952,1,1,0,1,0,0,0,0,0
1475,40984734,1,1,0,0,0,0,0,0,0
1476,40985952,1,1,0,1,0,0,1,0,0
1477,40986414,1,1,0,0,0,0,0,1,0
1478,40987520,1,1,0,0,0,1,0,1,0
1479,40992792,1,1,0,1,0,0,0,0,0
1480,40996054,1,1,0,1,0,0,0,0,0
1481,40996056,1,1,0,1,0,0,0,0,0
1482,41000801,1,1,0,0,0,0,1,0,0
1483,41003793,1,1,0,0,0,0,0,0,0
1484,41004599,1,1,0,1,0,0,1,0,0
1485,41010433,0,1,0,0,1,0,0,1,0
1486,41012629,0,1,0,1,0,0,1,0,0
1487,41012846,1,0,0,0,0,0,0,0,0
1488,41013989,1,1,0,0,0,1,0,0,0
1489,41016053,0,0,0,0,0,0,1,0,0
1490,41016997,0,0,0,0,0,0,1,0,0
1491,41022689,1,1,0,1,0,0,1,0,0
1492,41023818,1,1,0,1,0,0,0,0,0
1493,41024416,1,1,0,1,0,0,1,0,0
1494,41029792,1,1,1,0,0,1,0,1,0
1495,41033578,0,1,0,1,0,0,0,0,0
1496,41036381,1,0,0,1,0,0,0,0,0
1497,41037334,1,1,0,1,0,0,0,0,0
1498,41026878,1,1,0,0,0,1,0,0,0
1499,41047024,0,1,0,0,0,0,0,1,0
1500,41047636,1,1,0,1,0,1,0,0,0
1501,41048460,0,0,0,1,0,0,0,0,0
1502,41050968,0,1,0,1,0,0,0,0,0
1503,41052770,0,0,0,1,0,0,1,0,0
1504,41059582,1,1,0,1,0,1,1,0,0
1505,41060119,1,1,0,1,0,1,0,0,0
1506,41064177,1,1,0,1,0,0,1,0,0
1507,41064179,1,1,0,1,0,0,1,0,0
1508,41064180,1,1,0,1,0,0,1,0,0
1509,41066048,0,1,0,1,0,0,0,0,0
1510,41066222,0,1,1,1,0,1,0,0,0
1511,41070046,1,1,0,0,0,0,0,0,0
1512,41073174,1,1,0,0,0,1,0,0,0
1513,41076215,1,1,0,0,0,0,0,1,0
1514,41082292,1,1,0,1,0,0,0,0,0
1515,41088023,1,0,0,0,0,0,0,0,0
1516,41088332,1,1,0,1,0,0,1,0,0
1517,41092036,1,1,0,1,0,0,0,0,0
1518,41093642,1,1,0,1,0,0,1,1,1
1519,41094434,1,1,0,1,0,0,1,0,0
1520,41094699,1,1,1,0,0,1,0,1,0
1521,41097773,1,1,0,1,0,0,0,0,0
1522,41098528,0,1,0,1,0,0,0,0,0
1523,41103899,1,1,0,0,0,0,0,0,0
1524,41104332,1,1,0,0,0,0,0,1,0
1525,41105511,1,1,0,1,0,0,1,0,0
1526,41107396,1,1,0,0,0,0,0,0,0
1527,41111352,1,1,0,1,0,0,1,0,0
1528,41114403,1,1,1,0,0,0,0,0,0
1529,41114772,1,1,0,1,0,0,1,0,0
1530,41118345,1,1,0,1,0,0,0,0,0
1531,41118371,1,1,0,0,0,1,0,1,0
1532,41134168,1,1,0,0,0,0,0,0,0
1533,41137739,1,1,0,1,0,0,0,0,0
1534,41139690,1,1,0,0,0,0,0,0,0
1535,41139918,0,1,0,1,0,0,0,0,0
1536,41146665,1,0,0,1,0,0,0,0,0
1537,41152863,1,1,1,0,0,0,0,0,0
1538,41156696,1,1,0,1,0,0,1,0,0
1539,41159600,1,1,0,1,0,0,0,0,0
1540,41162534,1,1,0,1,0,0,0,0,0
1541,41162721,0,1,0,1,0,0,1,0,0
1542,41162815,1,1,0,1,0,0,0,0,0
1543,41168547,0,1,0,1,0,0,1,0,0
1544,41172760,0,1,0,0,0,1,0,0,0
1545,41175402,1,1,0,1,0,0,0,0,0
1546,41175648,1,1,0,1,0,0,0,0,0
1547,41175728,0,1,1,0,0,1,0,0,0
1548,41177939,0,0,0,1,0,0,0,0,0
1549,41178628,1,1,0,0,0,0,0,0,0
1550,41178815,1,1,0,0,0,0,1,0,0
1551,41181244,1,1,0,0,0,0,0,0,0
1552,41183557,0,1,0,1,0,0,0,0,0
1553,41184361,1,1,1,1,0,1,0,1,0
1554,41185121,1,1,1,1,0,0,0,0,0
1555,41190741,0,1,0,0,0,0,0,0,0
1556,41191123,1,1,0,1,0,0,0,0,0
1557,41195127,1,1,0,0,0,0,0,0,0
1558,41196333,1,1,0,0,0,0,1,0,0
1559,41196414,1,1,0,0,0,0,1,0,0
1560,41196630,1,1,0,0,0,0,1,0,0
1561,41201732,1,0,0,1,0,0,0,0,0
1562,41201820,1,1,0,1,0,0,0,0,0
1563,41201998,0,1,0,1,0,0,0,0,0
1564,41202049,1,1,0,1,0,0,0,0,0
1565,41204801,1,1,0,1,0,0,0,0,0
1566,41204802,1,1,0,1,0,0,0,0,0
1567,41209208,1,1,0,0,0,0,0,0,0
1568,41212016,0,0,0,1,0,0,1,0,0
1569,41212059,1,1,1,0,0,0,1,0,0
1570,41215778,1,1,0,1,0,0,1,0,1
1571,41216460,0,1,0,1,0,0,0,0,0
1572,41217993,1,0,0,1,0,0,0,0,0
1573,41219285,1,1,0,1,0,0,1,0,0
1574,41221393,1,1,0,1,0,1,1,1,0
1575,41221675,0,1,0,0,0,1,0,0,0
1576,41223086,0,1,0,1,0,0,0,0,0
1577,41228514,1,1,0,1,0,0,0,0,0
1578,41229164,1,1,0,1,0,1,1,1,0
1579,41233213,1,1,0,1,0,0,0,0,0
1580,41233915,1,1,0,1,0,0,0,0,0
1581,41241142,1,1,0,1,0,0,0,0,0
1582,41242575,0,0,0,1,0,0,0,0,0
1583,41246961,1,1,0,1,0,0,0,0,0
1584,41251239,1,1,1,0,0,0,0,1,0
1585,41251774,1,1,0,1,0,0,0,0,0
1586,41251877,0,1,0,0,0,1,0,0,0
1587,41252140,1,1,0,0,0,0,0,0,0
1588,41255298,1,1,0,1,0,0,0,0,0
1589,41257038,1,1,1,0,0,0,1,0,0
1590,41257048,0,0,0,1,0,0,1,0,0
1591,41261036,1,1,0,1,0,0,0,0,0
1592,41263941,1,0,0,1,0,0,0,1,0
1593,41267859,1,1,0,1,0,1,1,1,0
1594,41272116,0,0,0,0,0,0,0,0,0
1595,41272859,0,1,0,1,0,0,0,0,0
1596,41273155,1,0,0,1,0,0,1,0,0
1597,41273574,1,1,0,1,0,0,0,0,0
1598,41273929,1,1,0,0,0,0,0,0,0
1599,41281823,1,1,0,0,0,0,0,0,0
1600,41282028,0,1,0,1,0,0,0,0,0
1601,41284491,1,1,0,1,0,0,1,0,0
1602,41284514,1,1,0,1,0,0,0,0,0
1603,41285258,1,1,0,1,0,0,0,0,0
1604,41290529,1,1,0,1,0,0,1,0,0
1605,41292071,1,1,0,1,0,0,0,0,0
1606,41292283,1,1,0,1,0,0,1,0,0
1607,41292862,1,1,0,0,0,0,0,0,0
1608,41296024,1,1,0,1,0,0,0,0,0
1609,41299477,0,1,0,1,0,0,0,0,0
1610,41302770,1,1,0,1,0,0,0,0,0
1611,41303284,1,1,0,1,0,0,0,0,0
1612,41304209,1,1,0,1,0,1,0,0,0
1613,41308922,1,1,0,1,0,0,0,0,0
1614,41311514,1,1,1,1,0,0,0,0,0
1615,41316613,1,1,1,1,0,0,0,0,0
1616,41317270,0,1,0,1,0,0,0,0,0
1617,41319174,1,1,0,1,0,0,0,0,0
1618,41320200,1,1,0,0,0,0,0,0,0
1619,41323449,1,1,0,0,0,0,0,0,0
1620,41325354,1,0,0,1,0,0,0,0,0
1621,41326293,1,1,0,1,0,1,1,1,0
1622,41330563,1,1,0,0,0,0,0,0,0
1623,41337231,0,0,0,1,0,0,1,0,0
1624,41337246,1,1,1,0,0,0,1,0,0
1625,41341444,0,1,0,0,0,0,0,0,0
1626,41343172,0,0,0,1,0,0,1,0,0
1627,41345156,0,0,0,1,0,0,0,0,0
1628,41350401,1,1,0,1,0,0,1,0,0
1629,41358026,1,1,0,0,0,0,0,1,0
1630,41362781,1,1,0,1,0,1,0,1,0
1631,41363568,1,1,0,1,0,0,0,0,0
1632,41365564,1,1,0,0,0,0,0,0,0
1633,41365565,1,1,0,0,0,0,0,0,0
1634,41365572,1,1,0,0,0,0,0,0,0
1635,41365573,1,1,0,0,0,0,0,0,0
1636,41365574,1,1,0,0,0,0,0,0,0
1637,41365575,1,1,0,0,0,0,0,0,0
1638,50009233,1,1,1,0,0,0,0,1,0
1639,50009579,1,1,0,0,0,0,0,0,0
1640,50011560,1,1,1,0,0,0,0,1,0
1641,50012304,1,1,1,0,0,0,0,1,0
1642,50014854,1,1,0,1,0,0,0,0,0
1643,50030828,1,1,0,1,0,0,0,0,0
1644,50032919,1,1,0,0,0,0,1,0,0
1645,50032920,1,1,0,0,0,0,0,0,0
1646,50042381,0,1,0,0,0,1,0,0,1
1647,50042382,0,1,0,0,0,1,0,0,1
1648,50042391,0,1,0,0,0,1,0,0,1
1649,50042392,0,1,0,0,0,1,0,0,1
1650,50042395,0,1,0,0,0,1,0,0,1
1651,50042396,0,1,0,0,0,1,0,0,1
1652,50045846,1,1,0,1,0,0,0,0,0
1653,50046020,1,1,0,1,0,0,0,0,0
1654,50047050,1,1,0,1,0,1,1,1,0
1655,50047097,1,1,0,1,0,1,0,0,1
1656,50049315,0,1,0,0,0,0,1,0,0
1657,50049858,0,1,0,0,0,0,0,0,0
1658,50049886,0,1,0,0,0,0,0,0,0
1659,50049892,0,1,0,0,0,0,0,0,0
1660,50049899,0,1,0,0,0,0,0,0,0
1661,50049907,0,1,0,0,0,0,0,0,0
1662,50049910,0,1,0,0,0,0,0,0,0
1663,50049917,0,1,0,0,0,0,0,0,0
1664,50051375,0,1,0,1,0,0,0,0,0
1665,50054797,0,1,0,0,0,0,0,0,0
1666,50055399,1,1,1,1,0,0,0,0,0
1667,50056288,1,1,1,0,0,1,0,0,0
1668,50059301,0,1,0,1,0,0,0,0,0
1669,50062559,0,1,0,0,0,0,0,0,0
1670,50063475,1,1,0,1,0,0,0,0,0
1671,50065102,0,0,0,1,0,0,0,0,0
1672,50068047,1,1,1,0,0,1,0,0,0
1673,50070808,1,1,0,1,0,0,0,0,0
1674,50072311,1,1,0,0,0,0,0,0,0
1675,50072923,0,1,0,0,0,0,0,0,0
1676,50077256,1,1,0,0,0,0,1,1,0
1677,50085283,0,1,0,0,0,0,0,0,0
1678,50088640,1,1,0,1,0,0,0,0,0
1679,50094828,1,1,0,1,0,1,0,1,0
1680,50095022,1,1,0,1,0,1,0,1,0
1681,50095173,1,1,0,1,0,1,0,1,0
1682,50095468,1,1,0,1,0,1,0,1,0
1683,50095486,1,1,0,0,0,1,0,1,0
1684,50095735,1,1,0,1,0,1,0,1,0
1685,50095929,1,1,0,0,0,1,0,1,0
1686,50096308,1,1,0,1,0,1,0,1,0
1687,50096559,1,1,0,1,0,1,0,1,0
1688,50100335,1,1,0,1,0,1,0,1,0
1689,50101034,0,0,0,1,0,0,0,0,0
1690,50102837,1,1,0,0,0,0,0,0,0
1691,50102838,1,1,0,0,0,0,0,0,0
1692,50104038,1,1,0,1,0,1,0,1,0
1693,50105177,1,1,0,1,0,0,0,0,0
1694,50107412,1,1,0,1,0,0,0,0,0
1695,50109374,0,0,0,0,0,0,1,0,0
1696,50109811,1,1,0,1,0,0,0,0,0
1697,50125813,1,0,0,1,0,0,0,0,0
1698,50128877,1,1,0,0,0,0,0,0,0
1699,50131066,1,1,0,0,0,0,0,0,0
1700,50141872,1,1,0,0,0,0,0,0,0
1701,50144278,0,1,0,1,0,0,1,0,0
1702,50145900,1,1,0,1,0,0,0,0,0
1703,50158684,1,1,0,0,0,0,0,0,0
1704,50160561,1,1,0,1,0,1,0,1,0
1705,50173686,1,1,0,1,0,0,0,0,0
1706,50175290,1,1,0,1,0,0,0,0,0
1707,50175291,1,1,0,1,0,0,0,0,0
1708,50175971,0,1,0,0,0,1,0,0,0
1709,50180009,1,1,0,1,0,0,0,0,0
1710,50184570,1,1,0,1,0,1,0,0,0
1711,50193330,1,1,0,0,0,0,0,0,0
1712,50198562,1,1,0,1,0,1,0,0,0
1713,50200263,1,1,0,1,0,0,0,0,0
1714,50200327,0,1,0,0,0,1,0,1,1
1715,50204263,1,1,0,1,0,0,0,0,0
1716,50214501,0,0,0,0,0,0,1,0,0
1717,50214886,1,1,0,0,0,0,0,0,0
1718,50217120,1,1,1,0,0,1,0,0,0
1719,50217773,1,1,0,0,0,0,0,0,0
1720,50220847,1,1,0,1,0,0,0,0,0
1721,50222198,1,1,1,0,0,1,0,1,0
1722,50227915,0,0,0,1,0,0,0,0,0
1723,50229473,1,1,0,1,0,0,0,0,0
1724,50230115,1,1,0,1,0,0,0,0,0
1725,50232597,1,0,0,1,0,0,0,0,0
1726,50234085,1,0,0,1,0,0,0,0,0
1727,50235754,1,1,0,1,0,1,0,1,0
1728,50236741,1,1,0,1,0,0,0,0,0
1729,50246728,1,1,0,1,0,1,0,0,0
1730,50246943,1,1,0,1,0,1,0,0,0
1731,50247543,1,1,0,1,0,0,0,0,0
1732,50247862,1,1,0,1,0,0,0,0,0
1733,50248956,1,1,0,1,0,1,1,1,0
1734,50249469,1,1,0,1,0,0,0,0,0
1735,50249691,0,1,0,0,0,0,0,0,0
1736,50250562,1,1,0,0,0,0,0,0,0
1737,50251893,1,1,0,0,0,0,0,0,0
1738,50259184,1,1,0,0,0,0,0,0,0
1739,50261784,1,1,0,1,0,0,0,0,0
1740,50261785,1,1,0,1,0,0,0,0,0
1741,50262813,0,1,0,1,0,0,1,0,0
1742,50263893,1,1,0,1,0,0,0,0,0
1743,50264101,1,1,0,1,0,0,1,0,0
1744,50264156,1,1,0,1,0,0,0,0,0
1745,50265670,1,1,0,0,0,0,1,0,0
1746,50269160,0,1,0,1,0,0,1,0,0
1747,50270868,1,1,0,1,0,1,0,1,0
1748,50271161,1,0,1,1,0,0,1,0,0
1749,50271490,1,1,0,0,0,0,1,0,0
1750,50272575,0,1,0,1,0,0,0,0,0
1751,50278557,1,1,0,1,0,1,1,1,0
1752,50284114,1,1,0,1,0,0,0,0,0
1753,50298668,1,1,0,1,0,0,0,0,0
1754,50302831,1,1,1,0,0,0,1,0,0
1755,50303706,1,0,0,1,0,0,0,0,0
1756,50303888,1,1,0,1,0,0,0,0,0
1757,50307235,1,1,0,0,0,1,0,0,0
1758,50307364,1,1,0,0,0,1,0,1,0
1759,50309769,1,1,0,1,0,0,0,0,0
1760,50309824,1,1,0,0,0,1,0,1,1
1761,50309961,1,1,0,1,0,0,0,0,0
1762,50313622,1,0,0,1,0,0,0,0,0
1763,50314304,1,1,0,1,0,0,0,0,0
1764,50314461,1,1,0,1,0,0,1,0,0
1765,50319450,1,1,0,1,0,0,0,0,0
1766,50326963,0,1,0,0,0,0,0,0,0
1767,50327005,0,1,0,0,0,0,0,0,0
1768,50327024,0,1,0,0,0,0,0,0,0
1769,50327061,0,1,0,0,0,0,0,0,0
1770,50327472,0,1,0,0,0,0,0,0,0
1771,50327591,0,1,0,0,0,0,0,0,0
1772,50327708,0,1,0,0,0,0,0,0,0
1773,50327960,1,1,0,0,0,0,0,0,0
1774,50328132,0,1,0,0,0,0,0,0,0
1775,50328222,0,1,0,0,0,0,0,0,0
1776,50331122,0,1,0,1,0,0,1,0,0
1777,50331851,0,1,0,0,0,0,0,0,0
1778,50337898,1,1,0,1,0,0,0,0,0
1779,50338123,1,1,0,1,0,0,1,0,0
1780,50338431,0,1,0,0,0,0,0,0,0
1781,50347384,1,1,0,1,0,0,1,0,0
1782,50358869,0,0,0,0,0,1,0,0,0
1783,50358870,0,0,0,0,0,1,0,0,0
1784,50365446,1,1,0,0,0,0,0,0,0
1785,50370202,1,1,0,1,0,0,1,0,0
1786,50370550,1,1,0,1,0,0,1,0,0
1787,50371982,1,1,1,0,0,1,0,0,0
1788,50376009,1,1,0,1,0,0,0,0,0
1789,50379316,1,1,0,1,0,0,0,0,0
1790,50383210,1,1,0,1,0,0,0,0,0
1791,50388867,1,1,0,1,0,0,1,0,0
1792,50393123,0,1,0,0,0,0,0,0,0
1793,50393759,1,1,0,0,0,1,0,1,0
1794,50393769,1,1,0,0,0,1,0,1,0
1795,50394569,1,1,0,0,0,1,0,0,0
1796,50396702,1,1,0,1,0,0,0,0,0
1797,50399710,0,0,0,0,0,0,1,0,0
1798,50399820,0,0,0,0,0,0,1,0,0
1799,50400336,1,1,0,1,0,0,0,0,0
1800,50406782,0,1,0,0,0,0,0,0,0
1801,50409388,0,1,0,1,0,0,0,0,0
1802,50411433,1,1,0,1,0,0,1,0,0
1803,50411496,1,1,0,1,0,0,1,0,0
1804,50419238,0,0,0,0,0,1,0,1,0
1805,50432123,1,1,0,1,0,0,1,0,0
1806,50434820,1,1,0,1,0,0,0,0,0
1807,50436938,1,1,0,1,0,0,0,0,0
1808,50444125,1,1,0,1,0,0,0,0,0
1809,50445040,0,0,0,0,0,1,0,1,0
1810,50445189,1,1,0,0,0,0,0,0,0
1811,50447749,1,1,0,1,0,0,0,0,0
1812,50447880,1,1,0,1,0,0,0,0,0
1813,50449684,0,1,0,1,0,0,1,0,0
1814,50456042,1,0,0,1,0,0,1,0,0
1815,50459802,1,1,0,1,0,0,0,0,0
1816,50459803,1,1,0,1,0,0,0,0,0
1817,50459804,1,1,0,1,0,0,0,0,0
1818,50459805,1,1,0,1,0,0,0,0,0
1819,50462790,0,1,0,0,0,0,1,0,0
1820,50462922,0,1,0,0,0,0,1,0,0
1821,50464386,0,1,0,0,0,0,0,0,0
1822,50465400,0,1,0,1,0,0,0,0,0
1823,50474728,0,1,0,0,0,0,0,0,0
1824,50477038,0,1,0,1,0,0,0,0,0
1825,50480202,1,1,0,0,0,1,0,0,0
1826,50482368,0,1,0,1,0,0,0,0,0
1827,50483202,1,1,0,1,0,0,0,0,0
1828,50488878,1,1,0,1,0,0,1,0,0
1829,50490284,1,1,0,1,0,0,0,0,0
1830,50493158,1,1,0,1,0,0,0,0,1
1831,50495354,1,1,0,0,0,0,0,0,0
1832,50496424,0,1,0,0,0,0,0,0,0
1833,50498265,1,0,0,0,0,0,1,0,0
1834,50500820,1,1,0,0,0,0,0,0,0
1835,50501287,1,1,0,1,0,0,1,0,0
1836,50504615,0,1,0,0,0,0,0,1,0
1837,50508401,1,1,0,1,0,0,0,0,0
1838,50510410,0,1,0,0,0,0,0,0,0
1839,50514565,1,1,0,1,0,0,0,0,0
1840,50516729,1,1,0,1,0,0,0,0,0
1841,50519045,1,1,0,1,0,0,0,0,0
1842,50525412,1,1,0,1,0,0,1,0,0
1843,50525869,0,0,0,0,0,0,0,0,0
1844,50525928,0,0,0,0,0,0,0,0,0
1845,50526178,0,0,0,0,0,0,0,0,0
1846,50526224,0,0,0,0,0,0,0,0,0
1847,50526697,1,1,0,0,0,0,0,0,0
1848,50527541,1,1,0,0,0,0,0,0,0
1849,50528148,1,1,1,0,0,1,0,1,0
1850,50529494,1,1,1,0,0,1,0,0,0
1851,50532525,0,1,0,1,0,0,0,0,0
1852,50537814,0,1,0,1,0,0,1,0,0
1853,50540551,1,1,0,1,0,0,1,0,0
1854,50541122,0,0,0,0,0,1,0,0,0
1855,50542539,1,1,0,1,0,1,0,1,0
1856,50543126,1,1,0,0,0,1,0,0,0
1857,50547605,1,1,0,0,0,0,1,0,0
1858,50552136,1,1,0,1,0,0,0,0,0
1859,50556874,0,1,0,1,0,0,0,0,0
1860,50558063,1,1,0,0,0,0,0,0,0
1861,50558569,1,1,0,0,0,0,0,0,0
1862,50559132,1,1,0,1,0,0,0,1,0
1863,50560687,1,1,0,1,0,0,0,0,0
1864,50563004,1,1,0,0,0,0,0,0,0
1865,50568294,1,1,0,0,0,1,0,0,0
1866,50569726,1,1,0,1,0,0,0,0,0
1867,50570200,1,1,0,0,0,0,0,0,0
1868,50573251,1,1,0,0,0,0,0,0,0
1869,50574788,1,1,0,0,0,0,0,0,0
1870,50575940,1,1,0,0,0,0,0,0,0
1871,50577370,1,1,0,0,0,0,0,0,0
1872,50577937,1,1,0,0,0,0,0,0,0
1873,50578366,1,1,0,0,0,0,0,0,0
1874,50578788,1,1,0,0,0,0,0,0,0
1875,50579350,1,1,0,1,0,0,1,0,0
1876,50581876,1,0,0,1,0,0,1,0,0
1877,50583169,1,1,0,1,0,0,0,0,0
1878,50584022,1,1,0,0,0,0,0,0,0
1879,50586342,1,1,0,0,0,0,0,0,0
1880,50588064,1,1,0,1,0,0,0,0,0
1881,50588694,0,1,0,1,0,0,0,0,0
1882,50588695,0,1,0,1,0,0,0,0,0
1883,50594742,0,0,0,1,0,0,0,0,0
1884,50595621,0,1,0,0,0,0,0,0,0
1885,50597218,0,1,0,0,0,0,0,0,0
1886,50597858,1,1,0,0,0,0,0,0,0
1887,50607768,1,1,0,1,0,0,0,0,0
1888,50612647,0,1,0,0,0,0,0,0,0
1889,50614147,0,1,0,0,0,0,0,0,0
1890,50615280,0,0,0,1,0,0,0,0,0
1891,50618629,0,1,0,1,0,0,0,0,0
1892,50619043,0,1,0,1,0,0,1,0,0
1893,50619301,1,1,1,0,0,1,0,0,0
1894,50626792,1,1,0,0,0,1,0,0,0
1895,50627460,1,1,0,0,0,1,0,1,0
1896,50628263,1,1,1,1,0,0,0,0,0
1897,50640175,0,1,0,1,0,0,0,0,0
1898,50642860,1,1,0,1,0,1,0,1,0
1899,50643045,1,1,0,1,0,0,0,0,0
1900,50643257,1,1,0,1,0,0,0,0,0
1901,50643679,0,1,0,0,0,0,0,0,0
1902,50643682,1,1,0,1,0,0,0,0,0
1903,50644232,1,1,0,1,0,0,0,0,0
1904,50644746,1,1,0,1,0,0,1,0,0
1905,50645114,1,1,0,1,0,0,1,0,0
1906,50646206,1,1,0,1,0,0,0,0,0
1907,50649828,1,1,0,1,0,0,1,0,0
1908,50649878,1,1,0,0,0,0,0,0,0
1909,50652053,1,1,0,1,0,0,0,0,0
1910,50659171,1,1,0,1,0,0,0,0,0
1911,50659809,1,1,0,1,0,0,0,0,0
1912,50660122,1,1,0,1,0,0,0,0,0
1913,50675590,1,1,0,1,0,0,0,0,0
1914,50683792,1,1,0,1,0,0,0,0,0
1915,50686157,1,1,0,0,0,1,0,0,0
1916,50686158,1,1,0,0,0,1,0,0,0
1917,50689269,1,1,0,0,0,0,0,0,0
1918,50689270,1,1,0,0,0,0,0,0,0
1919,50691124,0,1,0,1,0,0,1,1,0
1920,50704127,1,1,0,0,0,0,0,0,0
1921,50713693,1,1,0,0,0,0,0,0,0
1922,50713694,1,1,0,0,0,0,0,0,0
1923,50713733,1,1,0,0,0,0,0,0,0
1924,50713734,1,1,0,0,0,0,0,0,0
1925,50718246,1,1,0,1,0,0,0,0,0
1926,50721394,1,1,0,0,0,0,0,0,0
1927,50722560,1,1,0,0,0,0,0,0,0
1928,50722561,1,1,0,0,0,0,0,0,0
1929,50727338,0,1,0,1,0,0,0,0,0
1930,50727502,1,1,0,1,0,0,1,0,1
1931,50727552,1,1,0,1,0,0,1,0,1
1932,50730435,1,1,1,1,0,0,0,0,0
1933,50732163,1,1,0,1,0,0,0,0,0
1934,50732200,1,1,0,0,0,0,1,0,0
1935,50732621,0,1,0,1,0,0,0,0,0
1936,50733835,1,1,0,1,0,0,0,0,0
1937,50734745,1,1,1,0,0,0,1,0,0
1938,50746971,0,1,0,1,0,0,0,0,0
1939,50752251,1,1,0,0,0,0,0,0,0
1940,50752359,1,1,0,0,0,0,0,0,0
1941,50755753,1,1,0,0,0,0,0,0,0
1942,50756045,0,1,0,0,0,0,0,0,0
1943,50756316,1,1,1,1,0,0,0,0,0
1944,50757358,1,1,0,1,0,1,0,1,0
1945,50758210,1,1,0,0,0,0,0,0,0
1946,50759817,1,1,0,1,0,0,1,1,0
1947,50760100,1,1,0,0,0,0,0,0,0
1948,50760335,1,1,0,1,0,0,0,0,0
1949,50771589,1,0,0,1,0,0,1,0,0
1950,50771794,0,1,0,1,0,0,0,0,0
1951,50775472,0,0,0,1,0,1,0,1,0
1952,50775484,0,0,0,1,0,1,0,1,0
1953,50779930,1,1,0,0,0,0,0,0,0
1954,50780514,1,1,0,0,0,0,0,0,0
1955,50780692,0,1,0,1,0,0,1,0,0
1956,50781655,1,1,0,0,0,0,0,0,0
1957,50781932,1,1,0,0,0,1,0,1,0
1958,50783110,1,1,0,0,0,0,0,0,0
1959,50783557,1,1,0,1,0,0,0,0,0
1960,50784629,1,1,0,0,0,1,0,1,0
1961,50786476,1,1,0,0,0,0,0,0,0
1962,50786699,1,1,0,0,0,0,0,0,0
1963,50786844,1,1,0,0,0,0,0,0,0
1964,50786845,1,1,0,0,0,0,0,0,0
1965,50788318,1,1,0,0,0,0,0,0,0
1966,50789784,1,1,0,0,0,0,0,0,0
1967,50790221,1,1,0,1,0,0,1,0,1
1968,50791532,1,1,0,1,0,0,0,0,0
1969,50791588,1,1,0,0,0,0,0,0,0
1970,50793451,1,1,0,0,0,0,0,0,0
1971,50793464,1,1,0,0,0,0,0,0,0
1972,50793936,1,1,0,0,0,0,0,1,0
1973,50797151,1,1,0,1,0,0,0,0,0
1974,50797727,1,1,0,1,0,0,1,0,1
1975,50798437,0,0,0,0,0,0,1,0,0
1976,50798676,1,1,0,1,0,0,0,0,0
1977,50798812,1,1,0,1,0,0,0,0,0
1978,50804995,0,1,0,1,0,0,0,0,0
1979,50805367,1,1,0,0,0,0,0,0,0
1980,50806566,0,1,0,1,0,0,0,0,0
1981,50822430,1,1,0,1,0,0,0,0,0
1982,50823372,0,1,0,0,0,1,0,0,0
1983,50824185,1,1,0,1,0,1,0,0,0
1984,50824514,1,1,0,1,0,0,1,0,0
1985,50829938,1,1,0,0,0,0,0,0,0
1986,50838212,1,1,0,0,0,0,0,0,0
1987,50841554,0,1,0,1,0,0,0,0,0
1988,50843261,1,1,0,0,0,0,0,0,0
1989,50845610,1,0,0,1,0,0,1,0,0
1990,50847267,1,1,0,1,0,0,0,0,0
1991,50847741,1,1,0,1,0,0,0,0,0
1992,50850753,1,1,0,1,0,0,0,0,0
1993,50850806,1,1,0,1,0,0,0,0,0
1994,50856897,1,1,0,1,0,0,0,1,0
1995,50858343,0,1,0,0,0,0,0,0,0
1996,50859345,1,1,1,1,0,1,0,1,0
1997,50870634,1,1,0,0,0,0,0,0,0
1998,50873396,1,1,0,1,0,0,0,0,0
1999,50885434,0,1,0,1,0,0,1,1,0
2000,50890768,1,1,0,1,0,0,0,0,0
2001,50891498,0,1,0,1,0,0,1,1,0
2002,50891717,1,1,0,1,0,0,0,0,0
2003,50898428,1,1,0,1,0,0,1,0,0
2004,50898558,1,1,0,0,0,0,0,0,0
2005,50902077,1,1,1,1,0,1,0,0,0
2006,50902759,1,1,1,0,0,0,0,0,0
2007,50902842,0,1,0,0,0,0,0,0,0
2008,50902843,0,1,0,0,0,0,0,0,0
2009,50902853,0,1,0,0,0,0,0,0,0
2010,50902854,0,1,0,0,0,0,0,0,0
2011,50902859,0,1,0,0,0,0,0,0,0
2012,50902860,0,1,0,0,0,0,0,0,0
2013,50902861,0,1,0,0,0,0,0,0,0
2014,50902862,0,1,0,0,0,0,0,0,0
2015,50902863,0,1,0,0,0,0,0,0,0
2016,50902864,0,1,0,0,0,0,0,0,0
2017,50902865,0,1,0,0,0,0,0,0,0
2018,50902866,0,1,0,0,0,0,0,0,0
2019,50902867,0,1,0,0,0,0,0,0,0
2020,50902868,0,1,0,0,0,0,0,0,0
2021,50902869,0,1,0,0,0,0,0,0,0
2022,50902870,0,1,0,0,0,0,0,0,0
2023,50905260,1,1,0,1,0,0,0,0,0
2024,50907358,1,1,0,1,0,0,0,0,0
2025,50909494,1,1,0,1,0,0,1,0,0
2026,50909930,0,0,0,0,0,1,0,0,0
2027,50911733,0,1,0,1,0,0,0,0,0
2028,50912603,1,1,0,1,0,0,1,0,0
2029,50914237,1,0,0,1,0,0,0,0,0
2030,50921450,0,1,0,1,0,0,0,0,0
2031,50923205,0,1,0,1,0,0,1,0,0
2032,50930181,0,1,0,1,0,0,0,0,0
2033,50936373,1,0,0,0,0,0,0,0,0
2034,50939939,0,1,0,1,0,1,0,0,0
2035,50940899,0,1,0,0,0,1,0,0,0
2036,50944035,1,1,0,1,0,0,0,0,0
2037,50946216,1,1,0,1,0,0,1,0,0
2038,50947041,1,1,0,0,0,0,0,0,0
2039,50951796,1,1,1,0,0,0,0,1,0
2040,50953198,0,1,0,1,0,0,0,0,0
2041,50956098,1,1,0,0,0,0,0,0,0
2042,50958822,1,1,0,0,0,0,0,0,0
2043,50963474,1,1,0,1,0,0,0,0,0
2044,50964180,1,1,0,0,0,0,0,0,0
2045,50964951,1,1,0,1,0,0,0,0,0
2046,50968608,1,1,0,0,0,0,1,0,0
2047,50973377,1,1,0,1,0,0,0,0,0
2048,50978948,1,1,0,1,0,0,0,0,0
2049,50989494,1,1,0,0,0,0,0,0,0
2050,50989498,0,0,0,1,0,0,0,0,0
2051,50991080,1,1,0,1,0,0,0,0,0
2052,50992111,1,1,0,1,0,0,0,0,0
2053,50999075,1,1,0,1,0,0,0,0,0
2054,51003770,0,1,0,1,0,0,1,0,0
2055,51004046,1,1,0,0,0,0,0,0,0
2056,51007066,0,1,0,0,0,0,0,0,0
2057,51009884,1,1,0,0,0,0,0,0,0
2058,51013314,0,1,0,0,0,0,0,0,0
2059,51015290,1,1,0,0,0,0,0,0,0
2060,51015966,0,0,0,0,0,0,0,0,0
2061,51024284,1,1,0,0,0,0,0,0,0
2062,51033863,0,1,0,0,0,0,0,0,0
2063,51038882,0,1,0,1,0,0,0,0,0
2064,51040808,1,1,0,0,0,0,0,0,0
2065,51045622,0,1,0,1,0,0,0,0,0
2066,51051856,0,0,0,1,0,0,1,0,0
2067,51052667,1,1,0,0,0,1,0,0,0
2068,51052668,1,1,0,0,0,1,0,0,0
2069,51053078,0,1,0,0,0,0,0,1,0
2070,51053079,0,1,0,0,0,0,0,1,0
2071,51054644,1,1,0,1,0,0,0,0,0
2072,51060475,1,1,0,1,0,0,0,0,0
2073,51074177,0,1,0,0,0,0,0,0,0
2074,51085999,0,1,0,1,0,0,0,0,0
2075,51087355,1,1,0,0,0,1,0,0,0
2076,51087356,1,1,0,0,0,1,0,0,0
2077,51088035,1,1,0,1,0,0,1,0,0
2078,51100145,0,1,0,1,0,0,0,0,0
2079,51101181,1,1,0,1,0,0,0,0,0
2080,51101459,1,1,0,1,0,0,1,0,0
2081,51101707,1,1,0,1,0,0,0,0,0
2082,51102215,0,1,0,0,0,0,0,1,0
2083,51103370,1,1,0,0,0,0,0,0,0
2084,51104198,1,1,0,1,0,0,0,0,0
2085,51104294,1,1,0,1,0,0,0,0,0
2086,51104515,1,1,0,1,0,0,0,0,0
2087,51104752,1,1,0,1,0,0,0,0,0
2088,51104869,1,1,0,1,0,0,0,0,0
2089,51104887,1,1,0,1,0,1,0,0,0
2090,51105330,1,1,0,1,0,0,0,0,0
2091,51105447,1,1,0,1,0,0,0,0,0
2092,51106472,1,1,0,1,0,0,0,0,0
2093,51108434,1,1,0,1,0,0,0,0,0
2094,51112233,1,1,0,1,0,0,0,0,0
2095,51120151,0,0,0,1,0,0,0,0,0
2096,51123975,1,1,0,1,0,0,0,0,0
2097,51137953,1,1,0,0,0,0,0,0,0
2098,51141941,1,1,0,1,0,0,0,0,0
2099,51142030,1,1,0,1,0,0,1,0,0
2100,51143574,0,0,0,1,0,0,0,0,0
2101,51145071,0,1,0,1,0,0,0,0,0
2102,51145672,0,1,0,1,0,0,0,0,0
2103,51149298,1,1,0,1,0,0,0,0,0
2104,51150271,1,1,0,1,0,0,0,0,1
2105,51150336,1,1,0,0,0,0,0,0,0
2106,51157126,1,1,0,1,0,0,0,0,0
2107,51159135,1,1,0,0,0,1,0,1,0
2108,51159326,1,1,0,0,0,1,0,1,0
2109,51159967,0,1,0,1,0,0,0,0,1
2110,51161014,1,1,0,0,0,0,0,0,0
2111,51161567,1,1,0,1,0,0,0,0,0
2112,51162316,0,1,0,0,0,0,0,0,1
2113,51170901,0,1,0,1,0,0,0,0,0
2114,51174118,1,1,1,1,0,0,1,1,0
2115,51174551,1,1,1,1,0,0,0,0,0
2116,51181089,1,1,0,1,0,0,0,0,0
2117,51188331,1,1,1,0,0,0,0,0,0
2118,51200630,1,1,0,1,0,0,1,0,0
2119,51206969,0,0,0,0,0,0,0,0,0
2120,51210731,1,1,0,0,0,1,0,0,0
2121,51210732,1,1,0,0,0,1,0,0,0
2122,51211768,0,1,0,1,0,1,0,0,0
2123,51214652,0,1,0,0,0,0,0,0,0
2124,51216423,0,0,0,1,0,0,1,0,0
2125,51218821,0,0,0,1,0,0,1,0,0
2126,51219775,0,0,0,1,0,0,1,0,0
2127,51225244,1,1,0,1,0,0,0,0,0
2128,51226430,1,1,0,1,0,0,0,0,0
2129,51226880,1,1,0,1,0,0,0,0,0
2130,51228974,0,1,0,0,0,0,0,0,0
2131,51235361,0,1,0,0,0,0,0,0,0
2132,51236262,1,0,0,1,0,0,1,0,0
2133,51238778,0,1,0,1,0,0,0,0,0
2134,51238826,0,0,0,1,0,0,0,0,0
2135,51251937,1,1,0,1,0,0,0,0,0
2136,51254180,0,1,0,1,0,0,1,0,1
2137,51255923,1,1,0,0,0,0,0,0,0
2138,51260942,1,1,0,1,0,0,0,0,0
2139,51264890,1,1,0,0,0,0,0,0,0
2140,51272247,1,1,0,0,0,0,0,1,0
2141,51273768,1,1,0,1,0,0,0,0,0
2142,51273769,1,1,0,1,0,0,0,0,0
2143,51274523,0,1,0,1,0,0,0,0,0
2144,51277305,1,1,0,1,0,0,0,0,0
2145,51278313,1,1,1,1,0,0,0,0,0
2146,51283259,1,1,0,0,0,1,0,0,0
2147,51287943,1,1,0,1,0,0,0,0,0
2148,51288972,1,1,0,0,0,0,0,0,0
2149,51290324,0,1,0,0,0,0,0,1,0
2150,51306349,1,0,0,1,0,0,0,0,0
2151,51306747,1,1,0,1,0,0,0,0,0
2152,51311187,0,1,0,0,0,1,0,0,0
2153,51311188,0,1,0,0,0,1,0,0,0
2154,51315602,1,1,0,1,0,0,0,0,0
2155,51316183,0,1,0,1,0,0,0,0,0
2156,51323756,1,1,0,1,0,0,0,0,0
2157,51324887,1,1,0,1,0,0,0,0,0
2158,51326239,0,1,0,1,0,0,0,0,0
2159,51336642,1,1,0,0,0,0,0,0,0
2160,51340391,1,1,0,0,0,1,0,1,0
2161,51342182,1,0,0,1,0,0,0,0,0
2162,51342678,1,1,0,0,0,0,0,0,0
2163,51342679,1,1,0,0,0,0,0,0,0
2164,51348205,1,1,0,1,0,0,0,0,0
2165,51350787,0,1,0,0,0,0,0,0,0
2166,51350788,0,1,0,0,0,0,0,0,0
2167,51353988,1,1,0,0,0,1,0,0,0
2168,51354978,0,0,0,1,0,0,0,0,0
2169,51356137,1,1,0,1,0,0,1,0,0
2170,51357391,0,1,0,1,0,0,0,0,0
2171,51368744,1,1,0,1,0,0,0,0,0
2172,51381779,1,1,0,1,0,0,0,0,0
2173,51386435,1,1,0,1,0,0,0,0,0
2174,51387397,1,1,0,0,0,0,0,0,0
2175,51387398,1,1,0,0,0,0,0,0,0
2176,51395479,1,1,0,0,0,0,0,0,0
2177,51397412,1,1,0,1,0,0,0,0,0
2178,51404640,1,1,0,1,0,0,0,1,0
2179,51409689,1,1,0,0,0,0,0,0,0
2180,51414206,1,1,0,1,0,0,0,0,0
2181,51417536,0,1,0,0,0,0,0,0,0
2182,51417679,1,1,0,1,0,0,0,0,0
2183,51418760,1,1,0,1,0,0,0,0,0
2184,51419793,1,1,0,1,0,0,0,0,0
2185,51421196,1,1,0,1,0,0,1,0,0
2186,51421197,1,1,0,1,0,0,1,0,0
2187,51421198,1,1,0,1,0,0,1,0,0
2188,51423877,1,1,0,0,0,1,0,0,0
2189,51425960,1,1,0,1,0,0,0,0,0
2190,51426473,1,1,1,1,0,0,1,0,0
2191,51438124,1,1,0,0,0,0,1,0,0
2192,51448121,0,1,0,0,0,0,0,0,0
2193,51454282,1,1,0,0,0,0,0,0,0
2194,51457328,1,1,0,0,0,0,0,0,0
2195,51457658,1,1,0,1,0,0,0,0,0
2196,51458706,1,1,0,1,0,0,0,0,0
2197,51458707,1,1,0,1,0,0,0,0,0
2198,51458931,1,1,1,0,0,1,0,1,0
2199,51459881,1,1,0,1,0,0,0,0,0
2200,51464948,0,0,0,0,0,0,1,0,0
2201,51464983,0,0,0,0,0,0,1,0,0
2202,51473890,1,1,0,0,0,0,0,0,0
2203,51474626,0,1,0,1,0,0,0,0,0
2204,51476992,0,1,0,1,0,1,0,0,0
2205,51477058,1,1,1,0,0,0,1,0,0
2206,51479984,1,1,1,0,0,0,0,1,0
2207,51482072,1,1,0,1,0,0,0,0,0
2208,51483589,1,1,0,0,0,0,0,0,0
2209,51484726,1,1,0,0,0,1,0,0,0
2210,51491596,1,1,0,0,0,1,0,1,0
2211,51502524,0,1,0,1,0,0,1,1,1
2212,51504559,0,0,0,1,0,0,0,0,0
2213,51504561,0,1,0,1,0,0,0,0,0
2214,51519294,1,1,0,1,0,0,1,0,0
2215,51527742,0,1,0,0,0,0,0,0,0
2216,51536469,1,1,1,1,0,0,0,0,0
2217,51537007,1,1,1,1,0,1,0,0,0
2218,51537416,1,1,1,1,0,1,0,0,0
2219,51541984,1,1,0,1,0,0,1,0,0
2220,51543896,1,1,1,0,0,1,0,1,0
2221,51547552,1,1,0,0,0,0,0,0,0
2222,51548385,1,1,1,1,0,0,0,0,0
2223,51548610,1,1,1,1,0,0,0,0,0
2224,51554640,0,1,0,0,0,0,0,0,0
2225,51560876,0,1,0,0,0,0,0,0,0
2226,51564723,1,1,0,1,0,0,1,0,0
2227,51566831,1,1,0,1,0,1,1,0,0
2228,51567559,0,1,0,1,0,0,0,0,0
2229,51568423,1,1,1,1,0,0,0,0,0
2230,51569125,1,1,0,0,0,0,0,0,0
2231,51570201,0,1,0,1,0,0,1,0,0
2232,51570202,0,1,0,1,0,0,1,0,0
2233,51575690,0,1,0,1,0,0,0,0,0
2234,51580798,1,1,0,1,0,0,0,0,1
2235,51590417,1,1,1,1,0,0,0,0,0
2236,51602165,1,1,0,0,0,0,0,0,0
2237,51605952,1,1,0,1,0,0,0,0,0
2238,51606513,0,1,0,0,0,0,0,0,0
2239,51612452,0,0,0,0,0,0,0,0,0
2240,51615450,1,1,0,1,0,0,0,0,0
2241,51616141,1,1,0,1,0,0,1,0,0
2242,51617296,1,1,0,1,0,0,1,0,0
2243,51628888,1,1,0,1,0,0,0,0,0
2244,51631553,0,1,0,0,0,0,0,0,0
2245,51633141,0,1,0,1,0,0,0,0,0
2246,51637215,0,1,0,1,0,0,0,0,0
2247,51637340,0,1,0,1,0,0,0,0,0
2248,51638007,1,1,0,1,0,0,0,0,0
2249,51640168,0,1,0,1,0,0,0,0,0
2250,51645125,1,1,1,1,0,0,0,0,0
2251,51646224,0,1,0,1,0,0,0,0,0
2252,51646226,0,1,0,1,0,0,0,0,0
2253,51649735,1,0,0,1,0,0,1,0,0
2254,51655552,1,1,0,1,0,0,1,0,0
2255,51657493,1,1,0,1,0,0,0,0,0
2256,51658375,1,1,0,0,0,0,0,0,0
2257,51670651,0,1,0,0,0,0,0,0,0
2258,51671232,1,1,0,1,0,0,1,0,0
2259,51673403,0,1,0,1,0,0,0,0,0
2260,51675294,0,1,0,1,0,0,1,0,0
2261,51678484,1,1,0,1,0,0,1,0,0
2262,51678663,0,1,0,1,0,0,0,0,0
2263,51679088,1,1,0,1,0,0,0,0,0
2264,51683284,1,1,0,0,0,0,0,0,0
2265,51683817,1,1,0,1,0,0,0,0,0
2266,51698719,1,1,0,0,0,0,0,1,0
2267,51698906,1,1,1,1,0,0,0,0,0
2268,51701148,1,1,0,0,0,0,0,0,0
2269,51706335,1,1,0,1,0,0,0,0,0
2270,51706522,1,1,0,1,0,0,0,0,0
2271,51706806,1,1,0,1,0,1,1,1,0
2272,51709285,0,1,0,1,0,0,0,0,0
2273,51711087,0,1,0,1,0,0,0,0,0
2274,51711167,1,1,0,1,0,0,0,1,0
2275,51712980,0,0,0,0,1,0,0,0,1
2276,51715008,1,0,0,0,0,0,0,0,0
2277,51715478,0,1,0,1,0,0,0,0,0
2278,51719050,1,1,0,1,0,0,0,0,1
2279,51723569,0,0,0,0,0,0,0,0,0
2280,51723570,0,0,0,0,0,0,0,0,0
2281,51723883,1,1,0,0,0,0,0,0,0
2282,51724579,1,1,0,1,0,0,0,0,0
2283,51737526,1,1,0,1,0,1,1,1,0
2284,51738195,0,0,0,1,0,0,0,0,0
2285,51738271,0,0,0,1,0,0,0,0,0
2286,51738281,0,0,0,1,0,0,0,0,0
2287,51740652,0,1,0,0,0,0,0,0,0
2288,51740949,0,1,0,0,0,0,0,0,0
2289,51746514,0,1,0,1,0,0,0,0,0
2290,51750918,1,1,0,1,0,0,0,1,0
2291,51755624,0,1,0,1,0,0,0,0,0
2292,51756034,1,1,0,1,0,0,0,0,0
2293,51757123,0,1,0,1,0,0,0,0,0
2294,51757124,0,1,0,1,0,0,0,0,0
2295,51760562,0,1,0,1,0,0,1,0,0
2296,51762668,1,1,0,1,0,0,0,0,0
2297,51763393,1,1,1,1,0,0,0,0,0
2298,51766443,0,0,0,0,0,0,1,0,0
2299,51767127,1,1,0,1,0,0,0,0,0
2300,51767729,1,1,0,1,0,0,0,0,0
2301,51768287,1,1,0,1,0,0,0,0,0
2302,51768904,0,1,0,0,0,0,0,0,1
2303,51773022,1,1,0,0,0,0,0,0,0
2304,51773662,1,1,0,1,0,0,1,0,0
2305,51776887,0,1,0,1,0,0,0,0,0
2306,51780319,1,1,1,1,0,0,1,0,0
2307,51792841,1,1,0,1,0,0,0,0,0
2308,51793799,1,1,0,1,0,0,0,0,0
2309,51797350,1,1,0,1,0,0,0,0,0
2310,51797394,0,1,0,0,0,0,0,1,0
2311,51799393,1,1,0,1,0,0,0,0,0
2312,51801909,1,1,0,0,0,0,0,0,0
2313,51803457,0,1,0,0,0,1,0,0,0
2314,51807674,1,0,0,1,0,0,0,0,0
2315,51812126,0,0,0,1,0,0,0,0,0
2316,51819224,0,1,0,0,0,0,0,0,0
2317,51822199,1,1,0,1,0,0,0,0,0
2318,51822972,1,1,1,0,0,1,0,1,0
2319,51826557,1,1,0,1,0,0,0,0,0
2320,51829094,1,1,0,1,0,0,0,0,0
2321,51830190,1,0,0,1,0,0,0,0,0
2322,51830651,0,1,0,1,0,0,1,1,0
2323,51830661,0,1,0,1,0,0,1,1,0
2324,51830675,0,1,0,1,0,0,1,1,0
2325,51834445,0,1,0,0,0,0,0,0,0
2326,51834643,1,1,0,0,0,0,0,1,1
2327,51836962,1,1,0,0,0,0,0,0,0
2328,51841337,1,1,0,0,0,0,0,1,1
2329,51846530,1,1,0,0,0,0,0,0,0
2330,51856782,1,1,0,1,0,0,0,0,0
2331,51863732,1,1,0,1,0,0,0,0,0
2332,51864332,1,1,0,0,0,1,0,1,0
2333,51866320,1,1,0,1,0,0,0,0,0
2334,51866822,1,1,0,1,0,0,0,0,0
2335,51871989,1,1,0,1,0,0,0,0,0
2336,51874764,1,1,0,1,0,0,0,0,0
2337,51874871,1,1,0,1,0,0,0,0,0
2338,51874913,1,1,0,1,0,0,0,0,0
2339,51874936,1,1,0,1,0,0,0,0,0
2340,51879061,1,1,0,1,0,0,0,0,0
2341,51879135,1,1,1,0,0,1,0,0,0
2342,51879147,0,1,0,1,0,0,1,1,0
2343,51885751,0,1,0,1,0,0,1,1,0
2344,51887421,1,1,0,1,0,0,1,0,0
2345,51893631,1,1,0,1,0,0,0,0,0
2346,51894032,1,1,1,1,0,0,1,0,1
2347,51897544,0,1,1,1,0,0,1,0,0
2348,51898862,1,1,1,1,0,0,1,0,0
2349,51899220,0,1,1,1,0,0,1,1,1
2350,51902490,1,1,0,1,0,0,1,0,0
2351,51902597,0,1,1,1,0,0,1,0,0
2352,51904186,1,1,1,1,0,0,1,1,0
2353,51906510,0,1,0,1,0,0,0,1,1
2354,51906587,0,1,0,1,0,0,1,1,1
2355,51908751,1,1,1,1,0,0,1,0,0
2356,51909178,1,1,1,1,0,0,1,0,0
2357,51915582,1,1,1,1,0,0,1,0,0
2358,51919368,0,0,0,1,0,0,0,0,0
2359,51921029,0,0,0,1,0,0,0,0,0
2360,51922503,0,1,0,0,0,0,1,0,0
2361,51923025,1,1,0,1,0,0,1,0,0
2362,51923026,1,1,0,1,0,0,1,0,0
2363,51923323,0,1,1,1,0,0,1,0,0
2364,51924395,1,1,1,1,0,0,1,0,0
2365,51924860,1,1,0,1,0,0,1,0,0
2366,51925033,1,1,0,1,0,0,1,0,0
2367,51928864,0,1,1,1,0,0,1,0,0
2368,51929754,1,1,0,1,0,1,1,1,0
2369,51932099,0,1,1,1,0,0,1,1,0
2370,51939272,1,1,1,1,0,0,1,1,0
2371,51940913,0,1,0,1,0,0,1,0,0
2372,51943241,1,1,1,1,0,0,1,0,0
2373,51944403,0,1,1,1,0,0,1,1,0
2374,51947215,1,1,0,0,0,0,0,1,0
2375,51948677,0,1,1,1,0,0,1,0,0
2376,51949142,1,1,0,1,0,0,1,0,0
2377,51951444,1,1,0,0,0,0,0,0,0
2378,51956807,0,1,1,1,0,0,1,0,0
2379,51958807,0,1,0,1,0,0,0,1,0
2380,51959329,1,1,1,1,0,0,1,0,0
2381,51968296,1,1,1,1,0,0,1,1,0
2382,51976623,0,0,0,1,0,0,1,0,0
2383,51984036,0,1,0,1,0,0,1,0,0
2384,51986400,1,1,0,1,0,0,1,1,0
2385,51987709,0,1,1,1,0,0,1,0,0
2386,51988018,0,1,1,1,0,0,1,0,0
2387,51989456,1,1,1,1,0,0,1,0,0
2388,51991120,1,1,1,1,0,0,1,0,0
2389,51991405,0,1,0,1,0,0,1,1,0
2390,51991480,1,1,1,1,0,0,1,1,0
2391,51992641,0,1,1,1,0,0,1,1,1
2392,51992642,0,1,1,1,0,0,1,1,1
2393,51995432,0,1,1,1,0,0,1,1,0
2394,51998365,0,1,0,0,0,0,0,1,0
2395,51998390,0,1,0,0,0,0,0,1,0
2396,51998459,0,0,0,0,0,0,0,1,1
2397,51998486,0,0,0,0,0,0,0,1,1
2398,52002743,1,1,1,1,0,0,1,0,0
2399,52003293,1,1,0,1,0,0,1,1,0
2400,52003659,1,1,0,1,0,1,0,0,0
2401,52010078,1,1,1,1,0,0,1,0,1
2402,52015014,0,1,1,1,0,0,1,1,0
2403,52020555,1,1,0,1,0,0,1,1,1
2404,52021783,0,1,1,1,0,0,1,0,0
2405,52024128,1,1,1,1,0,0,1,0,0
2406,52028874,0,1,1,1,0,0,1,0,0
2407,52030101,0,1,0,1,0,0,1,1,0
2408,52036202,1,1,0,1,0,0,1,1,0
2409,52037881,0,1,0,1,0,0,1,1,0
2410,52046945,1,1,0,1,0,0,1,0,0
2411,52052477,1,1,0,1,0,0,1,0,0
2412,52057327,0,1,0,1,0,0,1,1,0
2413,52057921,1,1,0,1,0,0,1,0,0
2414,52063591,1,1,0,1,0,0,1,0,0
2415,52067440,0,1,0,1,0,0,1,0,0
2416,52067499,0,1,0,1,0,0,1,0,0
2417,52067548,1,1,0,1,0,0,1,0,0
2418,52070998,1,1,0,1,0,0,1,0,0
2419,52072145,1,1,0,1,0,0,1,0,0
2420,52072146,0,1,1,1,0,0,1,1,0
2421,52072541,0,1,1,1,0,0,1,0,0
2422,52072560,0,1,1,1,0,0,1,1,0
2423,52074579,1,1,1,1,0,0,1,0,0
2424,52077097,0,1,1,1,0,0,1,1,0
2425,52077547,1,1,1,1,0,0,1,0,0
2426,52080142,1,1,1,1,0,0,1,0,0
2427,52080770,0,1,1,1,0,1,1,1,0
2428,52081367,1,1,1,1,0,1,1,1,0
2429,52082072,0,1,1,1,0,0,0,0,0
2430,52082135,0,1,1,1,0,0,1,1,0
2431,52082560,0,1,0,1,0,0,1,0,0
2432,52082561,0,1,0,1,0,0,1,0,0
2433,52082742,0,1,1,1,0,0,1,0,0
2434,52086095,1,1,1,1,0,0,1,1,0
2435,52088405,0,1,1,1,0,0,1,1,0
2436,52088807,0,1,0,0,1,0,0,1,1
2437,52093855,0,1,1,1,0,0,1,1,0
2438,52095180,0,1,0,1,0,0,1,0,0
2439,52096606,0,1,1,1,0,0,1,1,0
2440,52097396,1,1,0,1,0,0,0,0,0
2441,52098583,0,1,0,1,0,0,1,1,0
2442,52099480,0,1,1,1,0,0,1,0,0
2443,52102402,0,1,0,1,0,0,0,1,0
2444,52105766,0,1,1,1,0,0,0,1,0
2445,52107070,0,1,1,1,0,0,1,0,0
2446,52108259,0,1,1,1,0,0,1,0,0
2447,52110561,0,1,1,1,0,0,1,0,0
2448,52116660,0,1,1,1,0,0,1,1,1
2449,52116765,0,1,1,1,0,0,1,0,0
2450,52116766,0,1,1,1,0,0,1,0,0
2451,52116988,0,1,0,1,0,0,1,0,0
2452,52118472,1,1,0,1,0,0,1,0,0
2453,52121904,0,1,0,1,0,1,1,0,0
2454,52121905,0,1,0,1,0,1,1,0,0
2455,52121913,1,1,1,1,0,0,1,0,0
2456,52126507,0,1,0,1,0,0,1,1,0
2457,52128039,0,1,0,1,0,0,1,0,0
2458,52129157,1,1,0,1,0,0,1,1,0
2459,52131982,1,1,1,1,0,0,1,0,0
2460,52133390,1,1,0,1,0,0,1,1,0
2461,52134776,1,1,1,1,0,1,1,1,0
2462,52138165,1,1,0,1,0,0,1,0,0
2463,52138680,1,1,0,1,0,0,1,0,0
2464,52142611,0,1,1,1,0,0,1,0,0
2465,52148039,1,1,0,1,0,0,1,0,0
2466,52148040,1,1,0,1,0,0,1,0,0
2467,52150442,0,1,0,1,0,0,1,0,0
2468,52150443,0,1,0,1,0,0,1,0,0
2469,52153271,0,1,1,1,0,0,0,0,0
2470,52153272,0,1,1,1,0,0,0,0,0
2471,52153344,0,1,1,1,0,0,0,0,0
2472,52153345,0,1,1,1,0,0,0,0,0
2473,52153369,0,1,1,0,0,0,0,0,0
2474,52153370,0,1,1,0,0,0,0,0,0
2475,52153372,0,1,1,1,0,0,0,0,0
2476,52153373,0,1,1,1,0,0,0,0,0
2477,52153377,0,1,1,1,0,0,0,0,0
2478,52153378,0,1,1,1,0,0,0,0,0
2479,52153379,0,1,1,1,0,0,0,0,0
2480,52153380,0,1,1,1,0,0,0,0,0
2481,52153381,0,1,1,1,0,0,1,0,0
2482,52153382,0,1,1,1,0,0,1,0,0
2483,52154541,1,1,0,1,0,0,0,0,0
2484,52156709,0,1,0,1,0,0,1,0,0
2485,52157477,1,1,1,1,0,0,1,1,0
2486,52157767,1,1,1,1,0,0,1,0,0
2487,52159611,0,1,0,1,0,0,1,0,0
2488,52159614,0,1,0,1,0,0,1,0,0
2489,52160308,0,1,1,1,0,0,1,1,0
2490,52160821,0,0,0,0,0,0,0,1,1
2491,52164095,1,1,1,1,0,0,1,0,0
2492,52170971,1,1,1,1,0,0,1,0,0
2493,52175198,1,1,0,1,0,0,1,0,0
2494,52176388,0,1,1,1,0,0,1,1,1
2495,52177524,1,1,0,1,0,1,1,0,0
2496,52177525,1,1,0,1,0,1,1,0,0
2497,52182719,1,1,1,1,0,0,1,1,0
2498,52184011,0,1,0,1,0,0,0,1,1
2499,52184778,0,1,0,1,0,0,1,0,0
2500,52186734,1,1,1,1,0,0,1,1,0
2501,52189484,0,1,0,0,0,0,0,0,0
2502,52189485,0,1,0,0,0,0,0,0,0
2503,52189547,0,1,1,1,1,0,1,0,0
2504,52191971,0,0,0,1,0,0,1,0,0
2505,52192892,1,1,1,1,0,0,1,0,0
2506,52192946,1,1,1,1,0,0,1,1,0
2507,52196642,0,1,1,1,0,0,1,0,0
2508,52198966,1,1,1,1,0,0,1,1,0
2509,52201413,1,1,0,1,0,0,1,0,0
2510,52201414,1,1,0,1,0,0,1,0,0
2511,52203637,0,1,1,1,0,0,1,0,0
2512,52211129,1,1,0,1,0,0,1,0,0
2513,52215813,1,1,1,1,0,0,0,0,0
2514,52215814,1,1,1,1,0,0,0,0,0
2515,52216549,0,1,0,1,0,0,0,1,0
2516,52216550,0,1,0,1,0,0,0,1,0
2517,52216607,0,1,0,1,0,0,1,0,0
2518,52216608,0,1,0,1,0,0,1,0,0
2519,52216609,0,1,0,1,0,0,1,1,0
2520,52216611,0,1,0,1,0,0,1,1,0
2521,52216612,0,1,0,1,0,0,0,0,0
2522,52216613,0,1,0,1,0,0,0,0,0
2523,52216615,0,1,0,1,0,0,0,1,0
2524,52216616,0,1,0,1,0,0,0,1,0
2525,52216621,0,1,0,1,0,0,0,1,0
2526,52216622,0,1,0,1,0,0,0,1,0
2527,52216624,0,1,0,1,0,0,0,1,0
2528,52216625,0,1,0,1,0,0,0,1,0
2529,52216861,1,1,1,1,0,0,1,0,0
2530,52219256,0,1,0,1,0,0,1,0,0
2531,52221752,1,1,0,1,0,0,1,0,0
2532,52228204,0,1,1,1,0,0,1,0,0
2533,52228235,1,1,1,1,0,0,1,0,0
2534,52231596,0,1,1,1,0,0,0,1,0
2535,52232125,1,1,1,1,0,0,1,0,0
2536,52233370,0,1,0,1,0,0,0,1,1
2537,52235593,1,1,0,1,0,0,0,0,0
2538,52235795,1,1,0,1,0,0,1,1,0
2539,52237417,0,0,0,0,0,1,1,0,0
2540,52237418,0,0,0,0,0,1,1,0,0
2541,52237567,0,1,0,1,0,0,1,0,0
2542,52238651,1,1,1,1,0,0,1,0,0
2543,52242472,1,1,1,1,0,0,1,0,1
2544,52247102,0,1,1,1,0,0,1,0,0
2545,52248923,1,1,1,1,0,0,1,1,1
2546,52249749,0,1,1,1,0,0,1,0,0
2547,52249751,0,1,1,1,0,0,1,0,0
2548,52251305,1,1,1,1,0,0,1,0,0
2549,52251568,0,1,0,1,0,0,1,1,0
2550,52251851,1,1,1,1,0,0,1,1,0
2551,52253182,0,1,1,1,0,0,1,1,0
2552,52254492,0,0,0,0,0,1,0,0,0
2553,52258055,1,1,1,1,0,0,1,1,0
2554,52258094,1,1,1,1,0,0,1,1,0
2555,52258825,0,1,1,1,0,0,1,1,0
2556,52259065,1,1,0,1,0,0,1,0,1
2557,52262284,0,1,1,1,0,0,1,1,0
2558,52264475,0,1,0,1,0,0,1,0,0
2559,52265207,1,1,1,1,0,0,1,0,0
2560,52265278,0,1,1,1,0,0,1,1,1
2561,52265416,0,1,1,1,0,0,1,1,1
2562,52267337,0,1,1,1,0,0,1,0,0
2563,52267734,1,1,1,1,0,0,1,0,0
2564,52267735,1,1,1,1,0,0,1,0,0
2565,52267736,1,1,1,1,0,0,1,0,0
2566,52269085,1,1,1,1,0,1,1,0,0
2567,52270058,0,1,0,1,0,0,1,1,0
2568,52270135,1,1,1,1,0,0,1,1,0
2569,52272209,0,1,0,1,0,0,0,1,1
2570,52274507,1,1,1,1,0,0,1,0,0
2571,52279802,1,1,1,1,0,0,1,0,0
2572,52280354,1,1,0,1,0,0,1,0,0
2573,52280355,1,1,0,1,0,0,1,0,0
2574,52282382,1,1,0,1,0,0,1,1,0
2575,52283013,1,1,1,1,0,0,1,1,0
2576,52285908,0,1,1,1,0,0,1,1,1
2577,52286200,1,1,1,1,0,0,1,1,0
2578,52294511,0,0,0,0,0,1,1,0,0
2579,52294512,0,0,0,0,0,1,1,0,0
2580,52298520,1,1,1,1,0,0,1,1,0
2581,52299811,0,1,1,1,0,1,1,1,0
2582,52305419,0,1,1,1,0,0,1,0,0
2583,52305730,1,1,1,1,0,0,1,1,0
2584,52309090,0,1,1,1,0,0,1,1,0
2585,52309091,0,1,1,1,0,0,1,1,0
2586,52311199,0,1,1,1,0,0,1,0,0
2587,52312136,1,1,1,1,0,0,1,1,0
2588,52313622,0,1,0,1,0,0,1,0,0
2589,52315000,1,1,1,1,0,0,1,1,0
2590,52317717,1,1,1,1,0,0,1,1,0
2591,52321790,1,1,1,1,0,0,1,1,0
2592,52323207,0,1,1,1,0,0,1,0,0
2593,52323622,1,0,0,1,0,0,1,0,0
2594,52323701,0,1,0,1,0,0,1,0,0
2595,52323963,0,1,0,1,0,0,1,0,0
2596,52324108,0,0,0,0,0,0,0,1,1
2597,52328448,1,1,1,1,0,0,1,0,0
2598,52329680,0,1,1,1,0,0,1,0,0
2599,52329695,1,1,1,1,0,0,1,0,0
2600,52330689,1,1,1,1,0,0,1,1,0
2601,52331176,0,1,1,1,0,0,1,1,0
2602,52333277,0,1,1,1,0,0,1,1,0
2603,52335343,1,1,1,1,0,0,1,1,0
2604,52335983,1,1,1,1,0,0,1,1,0
2605,52336529,1,1,1,1,0,0,1,1,1
2606,52337291,1,1,1,1,0,0,1,0,1
2607,52337307,1,0,0,1,0,0,1,0,0
2608,52338544,1,0,0,1,0,0,1,1,0
2609,52341491,1,1,1,1,0,0,1,0,0
2610,52342267,1,1,1,1,0,0,1,0,0
2611,52343968,0,1,1,1,0,0,1,0,0
2612,52344033,0,1,1,1,0,0,1,0,0
2613,52348926,0,0,0,1,0,0,0,0,0
2614,52351425,1,1,1,1,0,0,1,0,0
2615,52353214,1,1,1,1,0,0,1,0,0
2616,52354073,0,1,0,1,0,0,1,0,0
2617,52354082,0,1,0,1,0,0,1,0,0
2618,52360229,1,1,0,1,0,0,1,0,0
2619,52360526,0,1,1,1,0,1,1,1,0
2620,52361374,0,1,1,1,0,0,1,1,0
2621,52363584,0,1,1,1,0,0,1,0,0
2622,52363617,0,1,1,1,0,0,1,0,0
2623,52364435,1,1,1,1,0,0,1,0,0
2624,52364949,0,1,0,1,0,0,1,0,0
2625,52366375,1,1,1,1,0,0,1,0,0
2626,52368345,0,1,1,1,0,0,1,0,0
2627,52371667,1,1,1,1,0,0,1,0,0
2628,52376496,0,1,1,1,0,0,1,0,0
2629,52379088,1,1,1,1,0,0,1,0,0
2630,52379349,0,1,1,1,0,0,1,1,0
2631,52379487,1,1,1,1,0,0,1,1,0
2632,52384101,1,1,1,1,0,0,1,0,0
2633,52384149,1,1,1,1,0,0,1,0,0
2634,52386152,0,1,1,1,0,0,1,1,0
2635,52386642,0,1,1,1,0,0,1,0,0
2636,52387393,1,1,1,1,0,0,1,0,0
2637,52387860,0,1,1,1,0,0,1,1,0
2638,52388572,1,1,1,1,0,0,1,0,0
2639,52389592,0,1,1,1,0,0,1,0,0
2640,52390374,0,0,0,1,0,0,1,0,0
2641,52392338,0,1,1,1,0,0,1,1,1
2642,52395969,0,1,1,1,0,0,1,0,0
2643,52401287,1,1,0,1,0,0,1,0,0
2644,52401288,1,1,0,1,0,0,1,0,0
2645,52401302,1,1,0,1,0,0,1,0,0
2646,52401303,1,1,0,1,0,0,1,0,0
2647,52401311,1,1,0,1,0,0,0,0,0
2648,52401312,1,1,0,1,0,0,0,0,0
2649,52401314,1,1,0,1,0,0,0,0,0
2650,52401315,1,1,0,1,0,0,0,0,0
2651,52401321,1,1,0,1,0,0,1,0,0
2652,52401322,1,1,0,1,0,0,1,0,0
2653,52401324,1,1,0,1,0,0,1,0,0
2654,52401325,1,1,0,1,0,0,1,0,0
2655,52401326,1,1,0,1,0,0,0,0,0
2656,52401327,1,1,0,1,0,0,0,0,0
2657,52401680,0,1,0,1,1,0,0,1,1
2658,52402267,1,1,1,1,0,0,1,0,0
2659,52406250,1,1,1,1,0,0,1,0,0
2660,52407416,1,1,1,1,0,0,1,0,0
2661,52408214,1,1,1,1,0,0,1,0,0
2662,52409085,1,1,0,1,0,0,1,1,1
2663,52410083,0,1,1,1,0,0,1,1,0
2664,52410656,1,0,0,0,0,0,0,0,0
2665,52410657,1,1,0,0,0,0,0,0,0
2666,52411496,0,1,0,1,0,0,1,1,0
2667,52411640,0,1,0,1,0,0,1,0,0
2668,52413268,1,1,0,1,0,0,1,0,0
2669,52415830,0,1,0,1,0,0,1,1,0
2670,52415841,0,1,0,1,0,0,1,1,0
2671,52415852,0,1,0,1,0,0,1,1,0
2672,52418293,1,1,1,1,0,0,1,0,0
2673,52423664,0,1,1,1,0,0,1,0,0
2674,52424093,0,1,1,1,0,0,1,0,0
2675,52429775,1,1,0,1,0,0,1,0,0
2676,52435756,1,1,1,1,0,1,1,1,1
2677,52437542,1,1,1,1,0,0,1,1,0
2678,52437657,1,1,1,1,0,0,1,1,0
2679,52438564,1,1,0,1,0,0,1,0,0
2680,52440536,0,1,0,1,0,0,1,1,0
2681,52442190,1,0,0,1,0,0,0,0,0
2682,52444063,0,1,0,1,0,0,1,1,0
2683,52444211,0,1,1,1,0,0,1,0,0
2684,52444212,0,1,1,1,0,0,1,0,0
2685,52455333,0,1,1,1,0,0,1,0,0
2686,52456088,1,1,1,1,0,0,1,0,0
2687,52458722,0,1,1,1,0,0,1,0,0
2688,52458911,0,1,1,1,0,0,1,1,0
2689,52459270,0,1,1,1,0,0,1,1,0
2690,52459271,1,1,0,1,0,0,1,0,0
2691,52459533,0,1,1,1,0,0,1,0,0
2692,52459623,1,1,1,1,0,0,1,1,1
2693,52459624,1,1,1,1,0,0,1,1,1
2694,52459698,1,1,1,1,0,0,1,1,0
2695,52462127,1,1,0,1,0,0,1,0,0
2696,52463049,1,1,1,1,0,0,1,0,0
2697,52473870,0,1,0,1,0,0,1,0,0
2698,52474002,0,1,0,1,0,0,1,0,0
2699,52477362,1,1,1,1,0,0,1,0,0
2700,52480535,1,1,1,1,0,0,1,0,0
2701,52485618,0,1,1,1,0,0,1,1,0
2702,52486279,0,1,1,1,0,0,1,0,0
2703,52486280,0,1,1,1,0,0,0,1,0
2704,52487058,1,1,0,1,0,0,1,0,0
2705,52488075,0,1,1,1,0,0,1,0,0
2706,52488389,1,1,1,1,0,0,1,0,0
2707,52495360,0,1,1,1,0,1,1,0,0
2708,52500710,1,1,1,1,0,0,1,1,0
2709,52502647,1,1,0,1,0,0,1,0,0
2710,52503386,0,1,0,1,0,0,1,0,0
2711,52503387,0,1,1,1,0,0,1,0,0
2712,52504386,1,1,1,1,0,0,1,1,0
2713,52505002,0,1,0,1,0,0,1,0,0
2714,52505834,1,1,1,1,0,0,1,0,0
2715,52506673,0,1,1,1,0,0,1,0,0
2716,52506812,1,1,1,1,0,0,1,1,0
2717,52507657,1,1,1,1,0,0,1,1,0
2718,52510258,0,1,1,1,0,0,1,0,0
2719,52514260,1,1,1,1,0,0,1,0,0
2720,52516894,1,1,1,1,0,0,1,0,0
2721,52519583,1,1,1,1,0,0,1,1,0
2722,52521606,0,1,1,1,0,0,1,0,0
2723,52524453,1,1,1,1,0,0,1,0,0
2724,52527360,0,1,1,1,0,0,1,0,0
2725,52531272,0,1,1,1,0,0,1,1,0
2726,52533201,1,1,1,1,0,0,1,0,0
2727,52537329,1,1,1,1,0,0,1,1,0
2728,52538666,0,1,1,1,0,0,1,1,1
2729,52544346,1,1,1,1,0,0,1,0,0
2730,52548703,0,1,1,1,0,1,1,1,1
2731,52552486,1,1,1,1,0,0,1,1,0
2732,52553376,0,1,1,1,0,0,1,1,0
2733,52554121,1,1,1,1,0,0,1,1,0
2734,52556766,0,1,1,1,0,0,1,0,0
2735,52563398,0,1,1,1,0,0,1,1,0
2736,52567499,0,1,1,1,0,0,1,1,0
2737,52569746,0,1,0,1,1,0,0,1,1
2738,52570854,0,1,1,1,0,0,1,0,0
2739,52576655,0,1,1,1,0,0,1,0,0
2740,52578872,1,1,1,1,0,0,1,1,0
2741,52579298,1,1,1,1,0,0,1,0,0
2742,52582530,1,1,1,1,0,0,1,1,0
2743,52582700,1,1,1,1,0,0,1,0,0
2744,52587140,1,1,0,1,0,0,1,0,0
2745,52589876,0,1,1,1,0,0,1,0,0
2746,52604666,1,1,1,1,0,0,1,0,0
2747,52607467,1,1,1,1,0,0,1,1,0
2748,52608764,0,1,1,1,0,0,1,0,0
2749,52609378,1,1,1,1,0,0,1,0,0
2750,52609447,1,1,1,1,0,0,1,1,0
2751,52631678,1,1,1,1,0,0,1,1,0
2752,52634304,0,1,1,1,0,0,1,0,0
2753,52634475,0,1,1,1,0,0,1,0,0
2754,52634476,0,1,1,1,0,0,1,0,0
2755,52634685,1,1,1,1,0,0,1,0,0
2756,52637569,1,1,1,1,0,0,1,1,0
2757,52639848,1,1,1,1,0,0,1,1,0
2758,52640677,1,1,1,1,0,0,1,0,0
2759,52640758,1,1,1,1,0,0,1,0,0
2760,52644599,1,1,1,1,0,1,1,0,0
2761,52655838,0,0,0,1,0,0,1,0,0
2762,52657755,1,1,1,1,0,0,1,0,0
2763,52658458,1,1,1,1,0,0,1,1,0
2764,52659800,0,0,0,1,0,0,1,1,1
2765,52660002,0,1,1,1,0,0,1,1,0
2766,52661266,0,1,0,1,0,0,0,1,1
2767,52661344,0,1,0,1,0,0,0,1,1
2768,52661813,0,1,0,1,0,0,1,0,0
2769,52666773,0,1,1,1,0,0,1,1,1
2770,52666898,0,1,0,1,0,0,0,1,1
2771,52667935,1,1,1,1,0,0,1,0,0
2772,52669255,1,1,1,1,0,0,1,0,1
2773,52669547,1,1,1,1,0,0,1,1,0
2774,52671964,1,1,0,1,0,0,1,0,0
2775,52676161,1,1,1,1,0,0,1,0,0
2776,52679086,0,1,1,1,0,0,1,0,0
2777,52693435,0,1,1,1,0,0,1,0,0
2778,52696025,0,1,0,1,0,0,1,0,0
2779,52696033,0,1,1,1,0,0,1,0,0
2780,52696255,0,1,0,1,0,0,1,0,0
2781,52696473,1,1,1,1,0,0,1,1,0
2782,52701060,0,1,1,1,0,0,1,0,0
2783,52707563,0,1,0,1,0,0,1,0,0
2784,52710466,1,1,0,1,0,0,1,0,0
2785,52712823,0,1,0,1,0,0,1,1,0
2786,52718956,1,1,1,1,0,0,1,0,0
2787,52719838,1,1,1,1,0,0,1,0,0
2788,52719940,1,1,1,1,0,0,1,0,0
2789,52719971,1,1,1,1,0,0,1,0,0
2790,52720658,0,1,1,1,0,1,1,0,0
2791,52723942,0,1,1,1,0,0,1,0,0
2792,52726241,1,1,1,1,0,0,1,0,0
2793,52727857,0,1,1,1,0,0,1,0,0
2794,52728010,1,1,1,1,0,0,1,0,0
2795,52728011,1,1,1,1,0,0,1,0,0
2796,52728568,0,1,1,1,0,0,1,0,0
2797,52730921,0,1,1,1,0,0,1,0,0
2798,52736979,0,1,1,1,0,0,1,1,0
2799,52745397,1,1,0,1,0,0,1,0,0
2800,52745514,1,1,0,1,0,0,1,0,0
2801,52750055,1,1,1,1,0,0,1,0,0
2802,52753223,1,1,1,1,0,0,1,0,0
2803,52755370,0,1,1,1,0,0,1,0,0
2804,52759063,1,1,1,1,0,0,1,0,0
2805,52764106,1,1,0,1,0,0,1,0,0
2806,52764107,1,1,0,1,0,0,1,0,0
2807,52764491,1,1,1,1,0,0,1,0,0
2808,52765740,1,1,0,1,0,0,1,0,0
2809,52767042,1,1,1,1,0,0,1,0,0
2810,52770127,1,1,1,1,0,1,1,1,1
2811,52775077,0,1,0,1,0,0,1,0,0
2812,52775988,1,1,1,1,0,0,0,1,1
2813,52780744,1,1,1,1,0,0,1,0,0
2814,52785869,1,1,1,1,0,0,1,0,0
2815,52789354,0,1,1,1,0,0,1,0,0
2816,52797525,0,1,0,1,0,0,1,1,0
2817,52802608,0,1,1,1,0,0,0,0,0
2818,52802609,0,1,1,1,0,0,1,0,0
2819,52806574,0,0,0,1,0,0,0,0,0
2820,52806700,1,1,1,1,0,0,1,1,0
2821,52816448,1,1,0,1,0,0,1,0,0
2822,52816449,1,1,0,1,0,0,1,0,0
2823,52822172,1,1,1,1,0,0,1,0,0
2824,52822670,1,1,0,1,0,0,1,0,0
2825,52823308,0,1,0,1,0,0,1,0,0
2826,52823337,0,1,0,1,0,0,1,0,0
2827,52823506,0,1,0,1,0,0,1,0,0
2828,52823507,0,1,0,1,0,0,1,0,0
2829,52826280,0,1,0,1,1,0,0,1,1
2830,52831009,1,1,1,1,0,0,0,1,0
2831,52844797,0,1,0,1,1,1,0,1,1
2832,52846430,0,1,0,1,0,0,1,0,0
2833,52846494,0,1,0,1,0,0,1,0,0
2834,52846581,0,1,0,1,0,0,1,0,0
2835,52855853,0,1,0,1,0,0,0,1,1
2836,52859505,0,1,0,1,0,0,1,0,0
2837,52866411,0,1,1,1,0,0,1,0,0
2838,52866413,0,1,1,1,0,0,1,0,0
2839,52868419,0,1,0,1,0,0,1,0,0
2840,52878610,1,1,1,1,0,0,1,0,0
2841,52880731,0,1,0,1,0,0,1,0,0
2842,52881471,1,1,1,1,0,0,1,0,0
2843,52882439,1,1,0,1,0,0,1,0,0
2844,52896350,1,1,0,1,0,0,1,0,0
2845,52896351,1,1,0,1,0,0,1,0,0
2846,52896536,1,1,0,1,0,0,1,0,0
2847,52896537,1,1,0,1,0,0,1,0,0
2848,52898520,0,1,1,1,0,1,1,0,0
2849,52899038,0,1,1,1,0,0,1,1,0
2850,52900449,0,1,0,1,0,0,1,1,0
2851,52903296,1,1,1,1,0,0,1,0,0
2852,52903494,0,0,0,1,0,0,1,0,0
2853,52903504,0,0,0,1,0,0,1,0,0
2854,52904581,0,1,1,1,0,0,1,0,0
2855,52904582,0,1,1,1,0,0,1,0,0
2856,52905493,1,1,0,1,0,0,1,1,0
